timestamp,symbol,timeframe,top20_bid_sum,top20_ask_sum,obi_top20,spread,current_price
2026-08-14 08:18:31,BTCUSDT,15m,13.6931,1.2696,0.830298,0.01,62714.5
2026-08-14 08:18:40,ETHUSDT,15m,12.7667,111.3426,-0.794267,0.01,1869.49
2026-08-14 08:18:43,BTCUSDT,15m,4.046,17.6247,-0.626589,0.01,62714.5
2026-08-14 08:19:51,ETHUSDT,15m,99.1427,32.1926,0.509765,0.01,1869.49
2026-08-14 08:20:06,DOGEUSDT,15m,9394045.0,9012184.0,0.020746,1e-05,0.06963
2026-08-14 08:20:16,ADAUSDT,15m,2757270.7,1627926.8,0.257535,0.0001,0.1785
2026-08-14 08:20:21,BTCUSDT,15m,1.2111,19.645,-0.883864,0.01,62722.0
2026-08-14 08:20:23,ETHUSDT,15m,32.8332,140.7492,-0.621699,0.01,1869.84
2026-08-14 08:20:25,SOLUSDT,15m,16126.08,10407.714,0.215513,0.01,75.3
2026-08-14 08:20:29,BNBUSDT,15m,195.575,60.68,0.526409,0.01,604.91
2026-08-14 08:20:31,XRPUSDT,15m,948698.3,611742.6,0.215936,0.0001,1.0029
2026-08-14 08:20:35,DOGEUSDT,15m,9610120.0,8104182.0,0.085013,1e-05,0.06963
2026-08-14 08:20:37,ADAUSDT,15m,2782464.2,1565213.9,0.279977,0.0001,0.1785
2026-08-14 08:20:40,AVAXUSDT,15m,17575.33,13978.82,0.113979,0.001,6.389
2026-08-14 08:20:41,ADAUSDT,15m,2835045.9,1647417.0,0.26495,0.0001,0.1785
2026-08-14 08:20:44,AVAXUSDT,15m,13547.4,16647.44,-0.102668,0.001,6.389
2026-08-14 08:20:47,ADAUSDT,15m,2797535.8,1647205.4,0.258807,0.0001,0.1785
2026-08-14 08:20:50,SHIBUSDT,15m,68860465318.0,54330883060.0,0.117943,0.0,4.53e-06
2026-08-14 08:20:53,INJUSDT,15m,15069.53,9782.85,0.212723,0.001,4.165
2026-08-14 08:20:55,SUIUSDT,15m,154505.8,130715.7,0.083409,0.0001,0.6745
2026-08-14 08:24:52,ETHUSDT,15m,68.6589,22.0052,0.514577,0.01,1874.62
2026-08-14 08:28:02,SUIUSDT,15m,148945.6,143517.2,0.018561,0.0001,0.6744
2026-08-14 08:28:09,TRXUSDT,15m,5405327.0,4258220.5,0.118704,0.0001,0.3329
2026-08-14 08:28:14,BTCUSDT,15m,9.1268,5.5666,0.242295,0.01,62762.0
2026-08-14 08:28:16,ETHUSDT,15m,44.7973,64.2119,-0.178101,0.01,1874.48
2026-08-14 08:28:20,BNBUSDT,15m,124.873,152.929,-0.100993,0.01,605.01
2026-08-14 08:28:24,ETHUSDT,15m,100.5656,50.2023,0.334045,0.01,1874.62
2026-08-14 08:33:22,BNBUSDT,15m,145.535,160.983,-0.050398,0.01,605.09
2026-08-14 08:33:25,ETHUSDT,15m,65.2673,66.7548,-0.011267,0.01,1874.47
2026-08-14 08:33:27,SOLUSDT,15m,15912.468,11344.657,0.167582,0.01,75.49
2026-08-14 08:34:14,BTCUSDT,15m,11.5676,0.1456,0.975141,0.01,62871.62
2026-08-14 08:34:17,ETHUSDT,15m,56.1173,44.092,0.120002,0.01,1877.22
2026-08-14 08:34:24,BTCUSDT,15m,6.4575,9.5415,-0.192762,0.01,62871.62
2026-08-14 08:34:27,ETHUSDT,15m,56.6137,107.9559,-0.311979,0.01,1877.22
2026-08-14 08:34:32,SOLUSDT,15m,15424.985,11113.678,0.162454,0.01,75.49
2026-08-14 08:34:39,XRPUSDT,15m,895179.1,757175.0,0.08352,0.0001,1.0062
2026-08-14 08:34:45,XRPUSDT,1m,898199.2,758842.2,0.0841,0.0001,1.0062
2026-08-14 08:34:50,XRPUSDT,10m,845484.5,746607.6,0.062105,0.0001,1.0063
2026-08-14 08:34:52,XRPUSDT,15m,860903.2,833692.7,0.016057,0.0001,1.0062
2026-08-14 08:35:09,SOLUSDT,15m,16752.208,11233.891,0.197181,0.01,75.49
2026-08-14 08:35:14,XRPUSDT,15m,942132.9,808598.4,0.076274,0.0001,1.0062
2026-08-14 08:36:25,BTCUSDT,15m,3.609,20.3632,-0.698904,0.01,62871.62
2026-08-14 08:39:17,BTCUSDT,15m,7.3908,4.8206,0.210473,0.01,63019.72
2026-08-14 08:39:18,ETHUSDT,15m,96.9679,27.8008,0.554363,0.01,1882.15
2026-08-14 08:39:20,SOLUSDT,15m,17912.45,12394.147,0.182083,0.01,75.71
2026-08-14 08:39:21,BNBUSDT,15m,96.369,174.148,-0.28752,0.01,606.5
2026-08-14 08:39:22,XRPUSDT,15m,809750.0,608832.1,0.141633,0.0001,1.0089
2026-08-14 08:39:24,DOGEUSDT,15m,10535329.0,8740896.0,0.09309,1e-05,0.06992
2026-08-14 08:39:25,ADAUSDT,15m,2463983.3,988844.1,0.427226,0.0001,0.1798
2026-08-14 08:39:26,AVAXUSDT,15m,13330.49,13538.03,-0.007724,0.001,6.435
2026-08-14 08:39:28,DOTUSDT,15m,574337.03,338348.05,0.258566,0.001,0.763
2026-08-14 08:39:29,LINKUSDT,15m,11994.5,14824.65,-0.105527,0.001,8.878
2026-08-14 08:39:31,NEARUSDT,15m,269547.1,270036.3,-0.000907,0.001,1.593
2026-08-14 08:39:32,LTCUSDT,15m,5099.575,3505.417,0.18526,0.01,43.94
2026-08-14 08:39:33,BCHUSDT,15m,1100.563,930.603,0.083676,0.1,201.6
2026-08-14 08:39:35,APTUSDT,15m,491671.17,221651.04,0.378539,0.001,0.54
2026-08-14 08:39:36,TRXUSDT,15m,5017480.1,4507810.3,0.053507,0.0001,0.3331
2026-08-14 08:39:37,SHIBUSDT,15m,62939282684.0,48549674684.0,0.129068,0.0,4.6e-06
2026-08-14 08:39:39,UNIUSDT,15m,54592.31,35490.33,0.21205,0.001,3.253
2026-08-14 08:39:40,ATOMUSDT,15m,54421.39,44009.0,0.105784,0.001,1.525
2026-08-14 08:39:42,SUIUSDT,15m,135974.2,162591.9,-0.089152,0.0001,0.6779
2026-08-14 08:39:43,INJUSDT,15m,17479.76,2733.78,0.72951,0.001,4.264
2026-08-14 08:39:45,ICPUSDT,15m,44486.55,36504.01,0.098561,0.001,2.192
2026-08-14 08:39:56,BTCUSDT,15m,14.3997,3.2892,0.628106,0.01,62994.01
2026-08-14 08:39:58,ETHUSDT,15m,32.8773,22.2865,0.191988,0.01,1883.48
2026-08-14 08:39:59,SOLUSDT,15m,18648.495,10518.085,0.278758,0.01,75.74
2026-08-14 08:40:01,BNBUSDT,15m,152.871,140.935,0.040625,0.01,606.43
2026-08-14 08:40:02,XRPUSDT,15m,784931.1,848376.4,-0.038845,0.0001,1.0089
2026-08-14 08:40:04,DOGEUSDT,15m,8664277.0,9450840.0,-0.04342,1e-05,0.06992
2026-08-14 08:40:05,ADAUSDT,15m,2317175.0,1930502.3,0.091032,0.0001,0.1797
2026-08-14 08:40:06,AVAXUSDT,15m,13684.97,14136.02,-0.016213,0.001,6.436
2026-08-14 08:40:08,DOTUSDT,15m,633841.28,383399.84,0.246197,0.001,0.764
2026-08-14 08:40:09,LINKUSDT,15m,13029.83,15491.58,-0.086312,0.001,8.877
2026-08-14 08:40:11,NEARUSDT,15m,273122.1,280734.1,-0.013744,0.001,1.594
2026-08-14 08:40:13,LTCUSDT,15m,4810.615,3649.497,0.137246,0.01,43.92
2026-08-14 08:40:14,BCHUSDT,15m,1082.118,919.2,0.081405,0.1,201.7
2026-08-14 08:40:15,APTUSDT,15m,482211.95,217751.5,0.37782,0.001,0.54
2026-08-14 08:40:17,TRXUSDT,15m,4995209.7,4451957.4,0.057504,0.0001,0.3331
2026-08-14 08:40:18,SHIBUSDT,15m,57458267068.0,48819817415.0,0.081282,0.0,4.6e-06
2026-08-14 08:40:20,UNIUSDT,15m,56213.57,36496.35,0.212676,0.001,3.251
2026-08-14 08:40:21,ATOMUSDT,15m,56550.63,44751.64,0.116473,0.001,1.525
2026-08-14 08:40:23,SUIUSDT,15m,134084.4,191460.6,-0.176247,0.0001,0.6775
2026-08-14 08:40:24,INJUSDT,15m,15759.64,3437.58,0.641867,0.001,4.253
2026-08-14 08:40:25,ICPUSDT,15m,48748.18,34893.0,0.16565,0.001,2.193
2026-08-14 08:40:37,BTCUSDT,15m,3.9687,10.1383,-0.437341,0.01,62965.92
2026-08-14 08:40:38,ETHUSDT,15m,55.6235,124.8627,-0.383626,0.01,1882.24
2026-08-14 08:40:40,SOLUSDT,15m,15373.891,11530.916,0.142836,0.01,75.7
2026-08-14 08:40:41,BNBUSDT,15m,113.323,126.577,-0.055248,0.01,606.3
2026-08-14 08:40:42,XRPUSDT,15m,839860.3,947639.4,-0.060296,0.0001,1.0083
2026-08-14 08:40:44,DOGEUSDT,15m,8531594.0,9705377.0,-0.064363,1e-05,0.06991
2026-08-14 08:40:45,ADAUSDT,15m,2222402.8,1978757.2,0.057995,0.0001,0.1797
2026-08-14 08:40:46,AVAXUSDT,15m,12971.77,14637.61,-0.060336,0.001,6.433
2026-08-14 08:40:48,DOTUSDT,15m,628242.9,358994.52,0.272729,0.001,0.764
2026-08-14 08:40:49,LINKUSDT,15m,12306.58,13668.96,-0.052449,0.001,8.868
2026-08-14 08:40:51,NEARUSDT,15m,273070.9,291156.5,-0.032054,0.001,1.594
2026-08-14 08:40:52,LTCUSDT,15m,4838.698,3718.564,0.130899,0.01,43.91
2026-08-14 08:40:53,BCHUSDT,15m,1047.972,932.448,0.058333,0.1,201.6
2026-08-14 08:40:55,APTUSDT,15m,487687.56,215962.59,0.386165,0.001,0.539
2026-08-14 08:40:56,TRXUSDT,15m,4995684.8,4452889.6,0.057447,0.0001,0.333
2026-08-14 08:40:57,SHIBUSDT,15m,59459588118.0,50084309904.0,0.085585,0.0,4.6e-06
2026-08-14 08:40:59,UNIUSDT,15m,54568.08,36994.64,0.191928,0.001,3.253
2026-08-14 08:41:00,ATOMUSDT,15m,53745.88,44388.81,0.095349,0.001,1.525
2026-08-14 08:41:01,SUIUSDT,15m,130894.3,189745.2,-0.183542,0.0001,0.6773
2026-08-14 08:41:03,INJUSDT,15m,14522.58,4730.82,0.508573,0.001,4.26
2026-08-14 08:41:04,ICPUSDT,15m,42591.81,32878.96,0.128697,0.001,2.194
2026-08-14 08:41:16,BTCUSDT,15m,3.446,10.1563,-0.493318,0.01,62993.98
2026-08-14 08:41:17,ETHUSDT,15m,56.3237,67.726,-0.091917,0.01,1883.24
2026-08-14 08:41:19,SOLUSDT,15m,17834.282,11307.373,0.223972,0.01,75.72
2026-08-14 08:41:20,BNBUSDT,15m,101.515,155.635,-0.210461,0.01,606.49
2026-08-14 08:41:21,XRPUSDT,15m,828594.4,869151.8,-0.023889,0.0001,1.008
2026-08-14 08:41:23,DOGEUSDT,15m,8583544.0,9366740.0,-0.043631,1e-05,0.06992
2026-08-14 08:41:24,ADAUSDT,15m,2259375.8,1858472.0,0.097358,0.0001,0.1797
2026-08-14 08:41:26,BTCUSDT,15m,4.7824,9.5151,-0.331017,0.01,63019.72
2026-08-14 08:41:26,AVAXUSDT,15m,13974.89,15728.73,-0.059045,0.001,6.436
2026-08-14 08:41:27,DOTUSDT,15m,622639.43,358772.8,0.268864,0.001,0.763
2026-08-14 08:41:29,LINKUSDT,15m,13857.54,16582.88,-0.08953,0.001,8.879
2026-08-14 08:41:30,NEARUSDT,15m,270653.0,269493.4,0.002147,0.001,1.593
2026-08-14 08:41:31,LTCUSDT,15m,4784.888,3348.823,0.176557,0.01,43.94
2026-08-14 08:41:33,BCHUSDT,15m,1114.171,913.633,0.098894,0.1,201.6
2026-08-14 08:41:35,APTUSDT,15m,481882.11,215919.36,0.381144,0.001,0.539
2026-08-14 08:41:36,TRXUSDT,15m,4948847.1,4474220.9,0.050369,0.0001,0.3331
2026-08-14 08:41:37,SHIBUSDT,15m,59157259042.0,50045099222.0,0.083443,0.0,4.61e-06
2026-08-14 08:41:39,UNIUSDT,15m,52462.53,37375.06,0.167942,0.001,3.253
2026-08-14 08:41:40,ATOMUSDT,15m,53812.21,46398.47,0.073982,0.001,1.526
2026-08-14 08:41:41,SUIUSDT,15m,142923.3,193502.4,-0.150343,0.0001,0.6775
2026-08-14 08:41:42,DOGEUSDT,15m,7994988.0,9586840.0,-0.09054,1e-05,0.06992
2026-08-14 08:41:43,INJUSDT,15m,14655.28,4528.44,0.527887,0.001,4.242
2026-08-14 08:41:44,ICPUSDT,15m,44786.69,34835.61,0.124979,0.001,2.194
2026-08-14 08:41:52,DOGEUSDT,1m,7955805.0,9533304.0,-0.090199,1e-05,0.06992
2026-08-14 08:41:55,BTCUSDT,15m,6.591,5.2911,0.109397,0.01,62978.01
2026-08-14 08:41:57,ETHUSDT,15m,76.2409,72.6541,0.024089,0.01,1882.55
2026-08-14 08:41:58,SOLUSDT,15m,14358.013,12249.958,0.079226,0.01,75.69
2026-08-14 08:42:00,BNBUSDT,15m,85.614,195.5,-0.390895,0.01,606.27
2026-08-14 08:42:01,XRPUSDT,15m,861990.1,816063.1,0.027369,0.0001,1.0078
2026-08-14 08:42:02,DOGEUSDT,30m,8319671.0,9797335.0,-0.081562,1e-05,0.06992
2026-08-14 08:42:02,DOGEUSDT,15m,8337090.0,9797335.0,-0.080523,1e-05,0.06992
2026-08-14 08:42:04,DOGEUSDT,15m,8360514.0,9999102.0,-0.08925,1e-05,0.06992
2026-08-14 08:42:04,ADAUSDT,15m,2249867.3,1161601.2,0.319002,0.0001,0.1796
2026-08-14 08:42:05,AVAXUSDT,15m,16760.04,13929.17,0.092243,0.001,6.437
2026-08-14 08:42:07,DOTUSDT,15m,583520.13,364173.42,0.231453,0.001,0.763
2026-08-14 08:42:08,LINKUSDT,15m,11982.72,17847.9,-0.196616,0.001,8.871
2026-08-14 08:42:09,NEARUSDT,15m,271072.6,291451.1,-0.036227,0.001,1.594
2026-08-14 08:42:11,LTCUSDT,15m,4680.255,3634.001,0.125839,0.01,43.9
2026-08-14 08:42:12,BCHUSDT,15m,1052.411,895.429,0.080593,0.1,201.6
2026-08-14 08:42:14,APTUSDT,15m,482093.74,217240.68,0.378722,0.001,0.539
2026-08-14 08:42:15,TRXUSDT,15m,5096223.8,4481567.7,0.064175,0.0001,0.333
2026-08-14 08:42:16,SHIBUSDT,15m,59362639228.0,52113197079.0,0.065032,0.0,4.6e-06
2026-08-14 08:42:18,UNIUSDT,15m,55413.28,39982.59,0.161754,0.001,3.252
2026-08-14 08:42:19,ATOMUSDT,15m,52208.16,43572.3,0.090163,0.002,1.526
2026-08-14 08:42:21,SUIUSDT,15m,139612.4,191323.8,-0.156258,0.0001,0.6772
2026-08-14 08:42:22,INJUSDT,15m,15307.91,6033.28,0.434588,0.001,4.243
2026-08-14 08:42:24,ICPUSDT,15m,44257.88,33944.7,0.131878,0.001,2.193
2026-08-14 08:42:36,BTCUSDT,15m,13.235,2.3473,0.698727,0.01,62970.39
2026-08-14 08:42:38,ETHUSDT,15m,110.0894,21.6351,0.67151,0.01,1882.6
2026-08-14 08:42:40,SOLUSDT,15m,15655.363,11718.011,0.143839,0.01,75.69
2026-08-14 08:42:43,BNBUSDT,15m,156.925,130.498,0.091945,0.01,606.33
2026-08-14 08:42:45,XRPUSDT,15m,858878.9,896541.7,-0.021455,0.0001,1.0077
2026-08-14 08:42:48,DOGEUSDT,15m,8844959.0,9199571.0,-0.019652,1e-05,0.06992
2026-08-14 08:42:50,ADAUSDT,15m,2173534.6,1938353.8,0.057195,0.0001,0.1795
2026-08-14 08:42:52,AVAXUSDT,15m,15466.88,16831.05,-0.042237,0.001,6.439
2026-08-14 08:42:54,DOTUSDT,15m,584161.25,364060.29,0.23212,0.001,0.763
2026-08-14 08:42:56,LINKUSDT,15m,12745.93,15930.01,-0.111037,0.001,8.873
2026-08-14 08:42:58,NEARUSDT,15m,274337.7,285347.7,-0.019672,0.001,1.594
2026-08-14 08:42:59,LTCUSDT,15m,4891.606,3293.451,0.195253,0.01,43.92
2026-08-14 08:43:01,BCHUSDT,15m,1062.678,898.288,0.083831,0.1,201.6
2026-08-14 08:43:02,APTUSDT,15m,477509.44,222460.7,0.364371,0.001,0.54
2026-08-14 08:43:04,TRXUSDT,15m,4982357.6,4524072.0,0.048208,0.0001,0.3329
2026-08-14 08:43:05,SHIBUSDT,15m,58454344653.0,52566160787.0,0.053037,0.0,4.61e-06
2026-08-14 08:43:07,UNIUSDT,15m,55515.89,35714.09,0.217054,0.001,3.252
2026-08-14 08:43:08,ATOMUSDT,15m,57800.79,46475.19,0.108612,0.001,1.524
2026-08-14 08:43:09,SUIUSDT,15m,111983.8,183278.8,-0.241463,0.0001,0.6769
2026-08-14 08:43:11,INJUSDT,15m,15340.51,6801.32,0.385659,0.001,4.236
2026-08-14 08:43:12,ICPUSDT,15m,43873.32,34042.43,0.126173,0.001,2.192
2026-08-14 08:43:24,BTCUSDT,15m,7.9807,6.9965,0.06571,0.01,62982.91
2026-08-14 08:43:25,ETHUSDT,15m,52.3917,100.581,-0.315019,0.01,1882.94
2026-08-14 08:43:26,SOLUSDT,15m,16586.959,11718.04,0.172016,0.01,75.7
2026-08-14 08:43:28,BNBUSDT,15m,117.097,105.415,0.052501,0.01,606.35
2026-08-14 08:43:29,XRPUSDT,15m,794811.0,868163.8,-0.044109,0.0001,1.0075
2026-08-14 08:43:31,DOGEUSDT,15m,8849422.0,9320938.0,-0.02595,1e-05,0.06993
2026-08-14 08:43:32,ADAUSDT,15m,2260708.1,1228863.9,0.295694,0.0001,0.1796
2026-08-14 08:43:34,AVAXUSDT,15m,13008.64,13646.62,-0.023934,0.001,6.44
2026-08-14 08:43:35,DOTUSDT,15m,581217.84,371582.26,0.220021,0.001,0.762
2026-08-14 08:43:36,LINKUSDT,15m,12020.37,17010.17,-0.171881,0.001,8.876
2026-08-14 08:43:38,NEARUSDT,15m,269115.9,293523.2,-0.04338,0.001,1.593
2026-08-14 08:43:39,LTCUSDT,15m,4679.368,3804.342,0.103142,0.01,43.9
2026-08-14 08:43:41,BCHUSDT,15m,1075.524,908.89,0.083971,0.1,201.6
2026-08-14 08:43:42,APTUSDT,15m,475776.49,223346.38,0.361067,0.001,0.54
2026-08-14 08:43:44,TRXUSDT,15m,4980741.4,4465983.8,0.054491,0.0001,0.333
2026-08-14 08:43:46,SHIBUSDT,15m,55350733942.0,53426070484.0,0.017694,0.0,4.61e-06
2026-08-14 08:43:48,UNIUSDT,15m,53368.58,38611.52,0.160438,0.001,3.252
2026-08-14 08:43:50,ATOMUSDT,15m,58739.95,47977.35,0.100852,0.001,1.525
2026-08-14 08:43:51,SUIUSDT,15m,115318.3,187522.3,-0.238422,0.0001,0.6769
2026-08-14 08:43:54,INJUSDT,15m,14730.56,6941.39,0.359413,0.001,4.232
2026-08-14 08:43:55,ICPUSDT,15m,44129.04,35961.64,0.101977,0.001,2.192
2026-08-14 08:44:07,BTCUSDT,15m,6.1753,7.5983,-0.103312,0.01,62983.25
2026-08-14 08:44:09,ETHUSDT,15m,28.5955,133.9773,-0.648213,0.01,1882.31
2026-08-14 08:44:10,SOLUSDT,15m,16134.45,13089.235,0.104204,0.01,75.71
2026-08-14 08:44:11,BNBUSDT,15m,107.497,146.491,-0.153527,0.01,606.11
2026-08-14 08:44:13,XRPUSDT,15m,792146.7,940688.4,-0.085722,0.0001,1.008
2026-08-14 08:44:14,DOGEUSDT,15m,8728029.0,9306596.0,-0.032081,1e-05,0.06994
2026-08-14 08:44:15,ADAUSDT,15m,2300746.3,1231173.5,0.30283,0.0001,0.1797
2026-08-14 08:44:17,AVAXUSDT,15m,13738.22,13741.01,-0.000102,0.001,6.44
2026-08-14 08:44:18,DOTUSDT,15m,584739.8,371653.28,0.222802,0.001,0.763
2026-08-14 08:44:20,LINKUSDT,15m,10604.16,16756.77,-0.224868,0.001,8.872
2026-08-14 08:44:21,NEARUSDT,15m,272860.2,296667.5,-0.041802,0.001,1.594
2026-08-14 08:44:23,LTCUSDT,15m,4856.673,3796.456,0.122524,0.01,43.91
2026-08-14 08:44:24,BCHUSDT,15m,1050.509,914.228,0.069363,0.1,201.7
2026-08-14 08:44:25,APTUSDT,15m,478336.43,232490.09,0.34586,0.001,0.54
2026-08-14 08:44:27,TRXUSDT,15m,5105901.0,4332924.1,0.081893,0.0001,0.333
2026-08-14 08:44:28,SHIBUSDT,15m,53709407769.0,55667518885.0,-0.017902,0.0,4.6e-06
2026-08-14 08:44:30,UNIUSDT,15m,53803.63,40545.18,0.140526,0.001,3.255
2026-08-14 08:44:31,ATOMUSDT,15m,61225.36,47251.65,0.128817,0.001,1.523
2026-08-14 08:44:33,SUIUSDT,15m,151143.6,170024.8,-0.058789,0.0001,0.6769
2026-08-14 08:44:34,INJUSDT,15m,16469.1,7244.92,0.388976,0.001,4.234
2026-08-14 08:44:35,ICPUSDT,15m,44365.19,34241.88,0.128784,0.001,2.192
2026-08-14 08:44:47,BTCUSDT,15m,14.9482,3.8773,0.588076,0.01,62992.0
2026-08-14 08:44:48,ETHUSDT,15m,98.5282,50.1459,0.325425,0.01,1883.28
2026-08-14 08:44:49,SOLUSDT,15m,17152.529,13508.804,0.118838,0.01,75.71
2026-08-14 08:44:51,BNBUSDT,15m,84.395,171.637,-0.340746,0.01,606.25
2026-08-14 08:44:53,XRPUSDT,15m,860889.3,839420.5,0.012626,0.0001,1.0079
2026-08-14 08:44:54,DOGEUSDT,15m,8666812.0,8992313.0,-0.018432,1e-05,0.06994
2026-08-14 08:44:55,ADAUSDT,15m,2191634.1,1972558.5,0.052609,0.0001,0.1795
2026-08-14 08:44:57,AVAXUSDT,15m,17264.32,12083.51,0.176531,0.001,6.439
2026-08-14 08:44:58,DOTUSDT,15m,581809.87,351322.91,0.247003,0.001,0.763
2026-08-14 08:45:00,LINKUSDT,15m,11279.23,14979.09,-0.140902,0.001,8.875
2026-08-14 08:45:01,NEARUSDT,15m,267877.2,278227.8,-0.018953,0.001,1.593
2026-08-14 08:45:03,LTCUSDT,15m,4766.014,3758.164,0.118234,0.01,43.9
2026-08-14 08:45:04,BCHUSDT,15m,1058.916,929.368,0.065156,0.1,201.6
2026-08-14 08:45:05,APTUSDT,15m,478015.26,231135.23,0.348135,0.001,0.54
2026-08-14 08:45:07,TRXUSDT,15m,5091562.8,4386936.8,0.074339,0.0001,0.333
2026-08-14 08:45:08,SHIBUSDT,15m,54147652328.0,55066695719.0,-0.008415,0.0,4.61e-06
2026-08-14 08:45:10,UNIUSDT,15m,43046.76,37445.19,0.069592,0.001,3.259
2026-08-14 08:45:12,ATOMUSDT,15m,61602.17,48830.25,0.115654,0.001,1.523
2026-08-14 08:45:13,SUIUSDT,15m,158931.2,177229.9,-0.054434,0.0001,0.6771
2026-08-14 08:45:14,INJUSDT,15m,13474.61,2357.16,0.702224,0.001,4.254
2026-08-14 08:45:16,ICPUSDT,15m,39328.37,33996.69,0.072713,0.001,2.192
2026-08-14 08:45:28,BTCUSDT,15m,11.2098,7.6273,0.190187,0.01,62999.61
2026-08-14 08:45:30,ETHUSDT,15m,39.7296,157.4077,-0.596935,0.01,1882.85
2026-08-14 08:45:32,SOLUSDT,15m,16138.68,12632.136,0.121879,0.01,75.72
2026-08-14 08:45:34,BNBUSDT,15m,162.034,131.782,0.102962,0.01,606.35
2026-08-14 08:45:37,XRPUSDT,15m,941670.3,784005.5,0.091364,0.0001,1.0078
2026-08-14 08:45:38,DOGEUSDT,15m,8948722.0,9401557.0,-0.024677,1e-05,0.06993
2026-08-14 08:45:40,ADAUSDT,15m,2212344.9,1856680.6,0.087408,0.0001,0.1796
2026-08-14 08:45:41,AVAXUSDT,15m,15804.65,13510.51,0.078258,0.001,6.432
2026-08-14 08:45:43,DOTUSDT,15m,581535.97,351540.42,0.246492,0.001,0.763
2026-08-14 08:45:44,LINKUSDT,15m,11249.54,16261.67,-0.182185,0.001,8.873
2026-08-14 08:45:46,NEARUSDT,15m,266524.4,295407.9,-0.0514,0.001,1.593
2026-08-14 08:45:47,LTCUSDT,15m,5150.064,3560.349,0.182507,0.01,43.9
2026-08-14 08:45:48,BCHUSDT,15m,1102.08,923.286,0.088277,0.1,201.7
2026-08-14 08:45:50,APTUSDT,15m,478923.49,249598.03,0.314782,0.001,0.538
2026-08-14 08:45:51,TRXUSDT,15m,4990952.2,4420680.1,0.060592,0.0001,0.3329
2026-08-14 08:45:53,SHIBUSDT,15m,53107017993.0,56355078675.0,-0.029673,0.0,4.61e-06
2026-08-14 08:45:54,UNIUSDT,15m,52397.62,42435.36,0.105051,0.001,3.256
2026-08-14 08:45:55,ATOMUSDT,15m,56475.8,47032.27,0.091235,0.001,1.524
2026-08-14 08:45:57,SUIUSDT,15m,173577.3,175869.6,-0.00656,0.0001,0.6772
2026-08-14 08:45:58,INJUSDT,15m,14074.36,3493.56,0.60228,0.001,4.242
2026-08-14 08:46:00,ICPUSDT,15m,45547.14,36481.18,0.110522,0.001,2.19
2026-08-14 08:46:11,BTCUSDT,15m,13.4589,0.6427,0.908843,0.01,63015.0
2026-08-14 08:46:16,ETHUSDT,15m,57.9158,15.2697,0.582712,0.01,1884.06
2026-08-14 08:46:17,SOLUSDT,15m,17334.483,10772.249,0.233476,0.01,75.75
2026-08-14 08:46:19,BNBUSDT,15m,208.874,62.291,0.540568,0.01,606.6
2026-08-14 08:46:21,XRPUSDT,15m,748026.1,799084.9,-0.033003,0.0001,1.0085
2026-08-14 08:46:22,DOGEUSDT,15m,8556107.0,8979812.0,-0.024162,1e-05,0.06997
2026-08-14 08:46:24,ADAUSDT,15m,2386755.5,1170079.2,0.342067,0.0001,0.1799
2026-08-14 08:46:25,AVAXUSDT,15m,12357.2,17025.91,-0.158891,0.001,6.436
2026-08-14 08:46:27,DOTUSDT,15m,581686.58,363200.07,0.23123,0.001,0.763
2026-08-14 08:46:28,LINKUSDT,15m,13776.57,17058.05,-0.106422,0.001,8.871
2026-08-14 08:46:30,NEARUSDT,15m,271916.8,274339.4,-0.004435,0.001,1.594
2026-08-14 08:46:31,LTCUSDT,15m,4631.768,3651.106,0.118396,0.01,43.91
2026-08-14 08:46:32,BCHUSDT,15m,1149.301,906.053,0.118348,0.1,201.8
2026-08-14 08:46:34,APTUSDT,15m,502796.0,217469.95,0.39614,0.001,0.539
2026-08-14 08:46:35,TRXUSDT,15m,5067157.4,4396822.7,0.07083,0.0001,0.3329
2026-08-14 08:46:37,SHIBUSDT,15m,55955147728.0,55932231092.0,0.000205,0.0,4.6e-06
2026-08-14 08:46:38,UNIUSDT,15m,52889.75,35794.27,0.192768,0.001,3.255
2026-08-14 08:46:40,ATOMUSDT,15m,56887.81,44274.25,0.124687,0.001,1.524
2026-08-14 08:46:41,SUIUSDT,15m,164723.2,179321.0,-0.04243,0.0001,0.6775
2026-08-14 08:46:43,INJUSDT,15m,16464.6,3708.22,0.632355,0.001,4.24
2026-08-14 08:46:44,ICPUSDT,15m,45822.67,36278.58,0.116248,0.001,2.19
2026-08-14 08:46:48,ETHUSDT,15m,103.8792,29.8165,0.553965,0.01,1884.06
2026-08-14 08:46:55,BTCUSDT,15m,7.1809,5.8701,0.100436,0.01,63063.25
2026-08-14 08:46:57,ETHUSDT,15m,23.7323,60.4354,-0.436071,0.01,1884.07
2026-08-14 08:46:58,SOLUSDT,15m,17662.97,10989.072,0.232929,0.01,75.77
2026-08-14 08:47:00,BNBUSDT,15m,108.327,146.544,-0.149946,0.01,606.68
2026-08-14 08:47:01,XRPUSDT,15m,953632.5,723119.8,0.137476,0.0001,1.0082
2026-08-14 08:47:03,DOGEUSDT,15m,8671278.0,8797738.0,-0.007239,1e-05,0.06996
2026-08-14 08:47:04,ADAUSDT,15m,2345243.3,1118548.6,0.354148,0.0001,0.18
2026-08-14 08:47:05,AVAXUSDT,15m,16542.28,14840.76,0.054218,0.001,6.434
2026-08-14 08:47:07,DOTUSDT,15m,582502.63,370558.48,0.222383,0.001,0.763
2026-08-14 08:47:08,LINKUSDT,15m,12894.88,12186.53,0.028242,0.001,8.869
2026-08-14 08:47:10,NEARUSDT,15m,259880.4,274444.3,-0.027257,0.001,1.594
2026-08-14 08:47:11,LTCUSDT,15m,4617.337,3430.201,0.147515,0.01,43.91
2026-08-14 08:47:12,BCHUSDT,15m,1119.237,914.508,0.100666,0.1,201.7
2026-08-14 08:47:14,APTUSDT,15m,508315.5,215247.28,0.405035,0.001,0.54
2026-08-14 08:47:15,TRXUSDT,15m,5043287.0,4395305.3,0.068652,0.0001,0.333
2026-08-14 08:47:16,SHIBUSDT,15m,55783828308.0,56010374317.0,-0.002026,0.0,4.59e-06
2026-08-14 08:47:18,UNIUSDT,15m,53638.5,36323.3,0.192473,0.001,3.256
2026-08-14 08:47:19,ATOMUSDT,15m,56689.01,42038.37,0.148395,0.001,1.524
2026-08-14 08:47:20,SUIUSDT,15m,195696.0,145389.5,0.147489,0.0001,0.6781
2026-08-14 08:47:22,INJUSDT,15m,15601.6,4175.24,0.577765,0.001,4.238
2026-08-14 08:47:23,ICPUSDT,15m,46755.2,36300.36,0.125878,0.001,2.191
2026-08-14 08:47:35,BTCUSDT,15m,5.9793,3.4574,0.267246,0.01,63034.35
2026-08-14 08:47:36,ETHUSDT,15m,65.9789,136.4149,-0.348015,0.01,1884.05
2026-08-14 08:47:37,SOLUSDT,15m,17146.599,11406.196,0.201045,0.01,75.76
2026-08-14 08:47:39,BNBUSDT,15m,91.277,194.979,-0.36227,0.01,606.91
2026-08-14 08:47:40,XRPUSDT,15m,944084.7,859744.5,0.046756,0.0001,1.0087
2026-08-14 08:47:42,DOGEUSDT,15m,8298841.0,8988798.0,-0.03991,1e-05,0.06996
2026-08-14 08:47:43,ADAUSDT,15m,2393039.3,1147476.4,0.351803,0.0001,0.1801
2026-08-14 08:47:45,AVAXUSDT,15m,18235.34,11501.83,0.226434,0.001,6.433
2026-08-14 08:47:46,DOTUSDT,15m,628496.55,347691.36,0.287655,0.001,0.763
2026-08-14 08:47:47,LINKUSDT,15m,13214.11,11247.9,0.080378,0.001,8.866
2026-08-14 08:47:49,NEARUSDT,15m,266754.0,286100.4,-0.034994,0.001,1.593
2026-08-14 08:47:50,LTCUSDT,15m,4862.419,3654.914,0.14177,0.01,43.91
2026-08-14 08:47:51,BCHUSDT,15m,1095.128,919.985,0.086915,0.1,201.7
2026-08-14 08:47:53,APTUSDT,15m,498048.76,202608.54,0.421662,0.001,0.54
2026-08-14 08:47:54,TRXUSDT,15m,4626956.7,4635759.6,-0.00095,0.0001,0.3328
2026-08-14 08:47:55,SHIBUSDT,15m,56320650993.0,55712879507.0,0.005425,0.0,4.6e-06
2026-08-14 08:47:57,UNIUSDT,15m,56495.69,41783.09,0.149703,0.001,3.251
2026-08-14 08:47:58,ATOMUSDT,15m,54000.91,47066.7,0.06861,0.001,1.524
2026-08-14 08:47:59,SUIUSDT,15m,122168.2,183646.6,-0.201031,0.0001,0.6793
2026-08-14 08:48:01,INJUSDT,15m,16338.04,4291.45,0.58395,0.001,4.24
2026-08-14 08:48:02,ICPUSDT,15m,45530.06,36011.0,0.116739,0.001,2.191
2026-08-14 08:48:14,BTCUSDT,15m,1.1389,19.3736,-0.888956,0.01,62999.85
2026-08-14 08:48:15,ETHUSDT,15m,35.5253,65.1984,-0.294599,0.01,1882.31
2026-08-14 08:48:16,SOLUSDT,15m,14639.052,11612.551,0.115288,0.01,75.71
2026-08-14 08:48:18,BNBUSDT,15m,134.472,91.519,0.190065,0.01,606.64
2026-08-14 08:48:19,XRPUSDT,15m,855996.3,804421.1,0.031062,0.0001,1.0087
2026-08-14 08:48:21,DOGEUSDT,15m,8357991.0,9987324.0,-0.088815,1e-05,0.06991
2026-08-14 08:48:22,ADAUSDT,15m,2377225.1,1173638.5,0.338956,0.0001,0.1799
2026-08-14 08:48:23,AVAXUSDT,15m,16104.68,14192.62,0.06311,0.001,6.429
2026-08-14 08:48:25,DOTUSDT,15m,584316.05,367983.98,0.227168,0.001,0.763
2026-08-14 08:48:26,LINKUSDT,15m,12350.9,12663.31,-0.012489,0.001,8.863
2026-08-14 08:48:27,NEARUSDT,15m,268012.5,287803.4,-0.035607,0.001,1.592
2026-08-14 08:48:29,LTCUSDT,15m,4775.687,3797.281,0.114127,0.01,43.88
2026-08-14 08:48:30,BCHUSDT,15m,1084.914,957.285,0.062496,0.1,201.7
2026-08-14 08:48:32,APTUSDT,15m,496996.34,197258.91,0.43174,0.001,0.54
2026-08-14 08:48:33,TRXUSDT,15m,4974340.5,4803535.9,0.017468,0.0001,0.3325
2026-08-14 08:48:34,SHIBUSDT,15m,54675848946.0,56108849428.0,-0.012935,0.0,4.6e-06
2026-08-14 08:48:36,UNIUSDT,15m,59051.09,35359.77,0.250939,0.001,3.249
2026-08-14 08:48:37,ATOMUSDT,15m,54222.21,47276.32,0.068433,0.001,1.524
2026-08-14 08:48:38,SUIUSDT,15m,130587.6,183308.3,-0.167956,0.0001,0.6791
2026-08-14 08:48:40,INJUSDT,15m,15952.71,4416.55,0.566351,0.001,4.24
2026-08-14 08:48:41,ICPUSDT,15m,44536.59,34734.85,0.123648,0.001,2.189
2026-08-14 08:48:53,BTCUSDT,15m,1.2585,18.2418,-0.870923,0.01,62981.35
2026-08-14 08:48:54,ETHUSDT,15m,176.3279,73.0827,0.413957,0.01,1882.22
2026-08-14 08:48:55,SOLUSDT,15m,13985.892,11674.212,0.090088,0.01,75.71
2026-08-14 08:48:57,BNBUSDT,15m,95.009,81.768,0.074902,0.01,606.77
2026-08-14 08:48:58,XRPUSDT,15m,887583.8,904080.5,-0.009207,0.0001,1.0079
2026-08-14 08:48:59,DOGEUSDT,15m,7792416.0,10083919.0,-0.128186,1e-05,0.06988
2026-08-14 08:49:01,ADAUSDT,15m,2300930.0,1180120.2,0.321975,0.0001,0.1798
2026-08-14 08:49:02,AVAXUSDT,15m,15965.35,13770.27,0.07382,0.001,6.428
2026-08-14 08:49:03,DOTUSDT,15m,586401.96,361106.44,0.237777,0.001,0.763
2026-08-14 08:49:05,LINKUSDT,15m,14033.18,11644.64,0.09302,0.001,8.866
2026-08-14 08:49:06,NEARUSDT,15m,255644.9,296242.4,-0.073561,0.001,1.593
2026-08-14 08:49:08,LTCUSDT,15m,4424.266,3731.021,0.085006,0.01,43.89
2026-08-14 08:49:09,BCHUSDT,15m,1054.967,952.545,0.051019,0.1,201.7
2026-08-14 08:49:10,APTUSDT,15m,497626.2,216090.94,0.394463,0.001,0.54
2026-08-14 08:49:12,TRXUSDT,15m,4957136.7,4830038.3,0.012986,0.0001,0.3325
2026-08-14 08:49:13,SHIBUSDT,15m,55690530357.0,55598816419.0,0.000824,0.0,4.62e-06
2026-08-14 08:49:14,UNIUSDT,15m,59432.74,36949.68,0.233269,0.001,3.248
2026-08-14 08:49:16,ATOMUSDT,15m,54310.29,47119.33,0.070896,0.001,1.524
2026-08-14 08:49:17,SUIUSDT,15m,144024.1,190520.4,-0.138984,0.0001,0.6789
2026-08-14 08:49:18,INJUSDT,15m,15323.52,4137.66,0.574778,0.001,4.248
2026-08-14 08:49:20,ICPUSDT,15m,45250.28,35408.07,0.122023,0.001,2.189
2026-08-14 08:49:31,BTCUSDT,15m,6.0102,4.7941,0.112557,0.01,62978.27
2026-08-14 08:49:32,ETHUSDT,15m,108.7149,16.1752,0.740969,0.01,1882.15
2026-08-14 08:49:34,SOLUSDT,15m,15461.302,11926.899,0.129048,0.01,75.69
2026-08-14 08:49:35,BNBUSDT,15m,113.548,78.414,0.183026,0.01,606.71
2026-08-14 08:49:37,XRPUSDT,15m,892056.7,907967.0,-0.008839,0.0001,1.0082
2026-08-14 08:49:38,DOGEUSDT,15m,8572630.0,9399220.0,-0.045994,1e-05,0.06989
2026-08-14 08:49:40,ADAUSDT,15m,2307285.2,1183614.3,0.321886,0.0001,0.1798
2026-08-14 08:49:41,AVAXUSDT,15m,18740.49,13948.38,0.146598,0.001,6.427
2026-08-14 08:49:43,DOTUSDT,15m,584718.22,356184.84,0.242887,0.001,0.763
2026-08-14 08:49:44,LINKUSDT,15m,14173.4,12066.8,0.080281,0.001,8.87
2026-08-14 08:49:45,NEARUSDT,15m,259410.6,298086.9,-0.069375,0.001,1.593
2026-08-14 08:49:47,LTCUSDT,15m,5406.439,3869.872,0.165644,0.01,43.9
2026-08-14 08:49:48,BCHUSDT,15m,1070.809,945.791,0.061994,0.1,201.5
2026-08-14 08:49:49,APTUSDT,15m,497634.89,216053.84,0.394543,0.001,0.54
2026-08-14 08:49:51,TRXUSDT,15m,5046292.2,4851792.8,0.01965,0.0001,0.3325
2026-08-14 08:49:52,SHIBUSDT,15m,55903051084.0,57674386483.0,-0.015596,0.0,4.61e-06
2026-08-14 08:49:53,UNIUSDT,15m,58650.68,37189.58,0.223926,0.001,3.253
2026-08-14 08:49:55,ATOMUSDT,15m,55918.18,45694.06,0.100619,0.001,1.525
2026-08-14 08:49:56,SUIUSDT,15m,134824.2,193203.1,-0.17797,0.0001,0.6788
2026-08-14 08:49:58,INJUSDT,15m,16510.9,4577.9,0.565845,0.001,4.242
2026-08-14 08:49:59,ICPUSDT,15m,43643.24,35088.14,0.108662,0.001,2.19
2026-08-14 08:50:10,BTCUSDT,15m,0.6785,19.6702,-0.933314,0.01,62983.9
2026-08-14 08:50:12,ETHUSDT,15m,32.0866,208.563,-0.733333,0.01,1882.48
2026-08-14 08:50:13,SOLUSDT,15m,14587.492,11771.74,0.106822,0.01,75.71
2026-08-14 08:50:14,BNBUSDT,15m,92.777,142.287,-0.210623,0.01,606.58
2026-08-14 08:50:16,XRPUSDT,15m,862601.9,928420.7,-0.036749,0.0001,1.008
2026-08-14 08:50:17,DOGEUSDT,15m,8965618.0,9836026.0,-0.046294,1e-05,0.06987
2026-08-14 08:50:18,ADAUSDT,15m,2309235.5,1134219.5,0.341232,0.0001,0.1797
2026-08-14 08:50:20,AVAXUSDT,15m,15605.65,14717.33,0.029295,0.001,6.426
2026-08-14 08:50:21,DOTUSDT,15m,583994.28,358866.12,0.238771,0.001,0.763
2026-08-14 08:50:22,LINKUSDT,15m,13615.59,12694.83,0.034996,0.001,8.866
2026-08-14 08:50:24,NEARUSDT,15m,254192.1,298974.9,-0.080957,0.001,1.592
2026-08-14 08:50:25,LTCUSDT,15m,4816.138,3995.835,0.09309,0.01,43.9
2026-08-14 08:50:27,BCHUSDT,15m,1073.13,961.422,0.054905,0.1,201.5
2026-08-14 08:50:28,APTUSDT,15m,499171.38,214654.37,0.39858,0.001,0.54
2026-08-14 08:50:29,TRXUSDT,15m,5066052.5,4791908.5,0.027809,0.0001,0.3325
2026-08-14 08:50:31,SHIBUSDT,15m,52658281678.0,57608545855.0,-0.044894,0.0,4.6e-06
2026-08-14 08:50:32,UNIUSDT,15m,60375.55,40233.72,0.200199,0.001,3.25
2026-08-14 08:50:34,ATOMUSDT,15m,53963.49,43873.52,0.10313,0.001,1.525
2026-08-14 08:50:35,SUIUSDT,15m,154644.6,194363.4,-0.113805,0.0001,0.6788
2026-08-14 08:50:37,INJUSDT,15m,16433.82,6906.95,0.408164,0.001,4.233
2026-08-14 08:50:38,ICPUSDT,15m,44584.56,33908.47,0.136013,0.001,2.189
2026-08-14 08:50:49,BTCUSDT,15m,4.8196,5.376,-0.054571,0.01,62976.0
2026-08-14 08:50:51,ETHUSDT,15m,118.1562,64.3497,0.294821,0.01,1882.5
2026-08-14 08:50:52,SOLUSDT,15m,14833.12,11927.009,0.108599,0.01,75.68
2026-08-14 08:50:53,BNBUSDT,15m,168.566,115.618,0.186316,0.01,606.62
2026-08-14 08:50:55,XRPUSDT,15m,943658.0,930025.3,0.007276,0.0001,1.008
2026-08-14 08:50:56,DOGEUSDT,15m,8836077.0,9713657.0,-0.04731,1e-05,0.06987
2026-08-14 08:50:57,ADAUSDT,15m,2326887.3,1148982.7,0.338881,0.0001,0.1797
2026-08-14 08:50:59,AVAXUSDT,15m,15965.49,13913.88,0.068663,0.001,6.428
2026-08-14 08:51:00,DOTUSDT,15m,561549.56,389747.91,0.180597,0.001,0.762
2026-08-14 08:51:01,LINKUSDT,15m,12001.7,10827.75,0.051423,0.001,8.86
2026-08-14 08:51:03,NEARUSDT,15m,260723.5,299332.5,-0.068938,0.001,1.592
2026-08-14 08:51:04,LTCUSDT,15m,5000.725,3789.732,0.137762,0.01,43.9
2026-08-14 08:51:06,BCHUSDT,15m,1076.579,952.527,0.061136,0.1,201.5
2026-08-14 08:51:07,APTUSDT,15m,495351.79,215983.14,0.392739,0.001,0.54
2026-08-14 08:51:09,TRXUSDT,15m,5388175.0,4803405.4,0.057378,0.0001,0.3325
2026-08-14 08:51:10,SHIBUSDT,15m,52960763695.0,56690696088.0,-0.034016,0.0,4.61e-06
2026-08-14 08:51:11,UNIUSDT,15m,51966.99,36442.28,0.1756,0.001,3.244
2026-08-14 08:51:13,ATOMUSDT,15m,54154.2,39493.19,0.156555,0.001,1.525
2026-08-14 08:51:15,SUIUSDT,15m,137805.4,201948.0,-0.188792,0.0001,0.6784
2026-08-14 08:51:16,INJUSDT,15m,13600.11,6685.49,0.340863,0.001,4.228
2026-08-14 08:51:18,ICPUSDT,15m,45058.06,34073.6,0.138812,0.001,2.188
2026-08-14 08:51:29,BTCUSDT,15m,4.7683,6.3454,-0.141905,0.01,62972.47
2026-08-14 08:51:30,ETHUSDT,15m,25.5609,82.5224,-0.527015,0.01,1882.4
2026-08-14 08:51:32,SOLUSDT,15m,16458.133,11279.342,0.186707,0.01,75.67
2026-08-14 08:51:33,BNBUSDT,15m,143.692,122.954,0.077774,0.01,606.61
2026-08-14 08:51:35,XRPUSDT,15m,815665.7,922581.3,-0.061508,0.0001,1.0076
2026-08-14 08:51:36,DOGEUSDT,15m,8900647.0,10024902.0,-0.059404,1e-05,0.06987
2026-08-14 08:51:37,ADAUSDT,15m,2427762.4,1136147.4,0.362415,0.0001,0.1797
2026-08-14 08:51:39,AVAXUSDT,15m,15839.31,12913.19,0.101769,0.001,6.428
2026-08-14 08:51:40,DOTUSDT,15m,600876.22,330134.97,0.290803,0.001,0.762
2026-08-14 08:51:41,LINKUSDT,15m,13481.03,12550.03,0.035765,0.001,8.859
2026-08-14 08:51:42,BTCUSDT,15m,0.742,14.6977,-0.903888,0.01,62973.93
2026-08-14 08:51:43,NEARUSDT,15m,290295.2,300438.4,-0.017171,0.001,1.591
2026-08-14 08:51:44,LTCUSDT,15m,4724.061,3653.07,0.127847,0.01,43.9
2026-08-14 08:51:45,BCHUSDT,15m,1039.2,917.463,0.062217,0.1,201.5
2026-08-14 08:51:47,APTUSDT,15m,500192.99,203301.62,0.422024,0.001,0.54
2026-08-14 08:51:48,TRXUSDT,15m,5456101.0,4851211.1,0.058686,0.0001,0.3325
2026-08-14 08:51:49,SHIBUSDT,15m,52844610833.0,58598559034.0,-0.051631,0.0,4.6e-06
2026-08-14 08:51:51,UNIUSDT,15m,56104.32,41744.86,0.146751,0.001,3.242
2026-08-14 08:51:52,ATOMUSDT,15m,58269.28,43372.73,0.146559,0.001,1.521
2026-08-14 08:51:54,SUIUSDT,15m,149782.4,179653.6,-0.090674,0.0001,0.6784
2026-08-14 08:51:55,INJUSDT,15m,17128.06,1843.98,0.805611,0.001,4.235
2026-08-14 08:51:57,ICPUSDT,15m,44203.96,34703.56,0.120399,0.001,2.188
2026-08-14 08:52:08,BTCUSDT,15m,5.9117,6.0376,-0.010536,0.01,62978.63
2026-08-14 08:52:10,ETHUSDT,15m,56.3469,101.9414,-0.288047,0.01,1882.38
2026-08-14 08:52:12,SOLUSDT,15m,15568.207,11374.114,0.155669,0.01,75.66
2026-08-14 08:52:13,BNBUSDT,15m,160.228,112.329,0.175739,0.01,606.59
2026-08-14 08:52:15,XRPUSDT,15m,867741.1,845188.1,0.013166,0.0001,1.0074
2026-08-14 08:52:16,DOGEUSDT,15m,8835607.0,10013464.0,-0.062489,1e-05,0.06986
2026-08-14 08:52:18,ADAUSDT,15m,2439739.5,1097516.5,0.379453,0.0001,0.1798
2026-08-14 08:52:19,SOLUSDT,15m,16743.07,11232.564,0.196975,0.01,75.67
2026-08-14 08:52:19,AVAXUSDT,15m,13784.24,15872.87,-0.070426,0.001,6.428
2026-08-14 08:52:20,DOTUSDT,15m,636732.59,364938.15,0.271341,0.001,0.763
2026-08-14 08:52:22,LINKUSDT,15m,12428.02,11187.56,0.052527,0.001,8.856
2026-08-14 08:52:22,SOLUSDT,1h,16952.871,11044.123,0.211049,0.01,75.68
2026-08-14 08:52:23,NEARUSDT,15m,287738.4,302197.2,-0.024509,0.001,1.591
2026-08-14 08:52:24,SOLUSDT,4h,17047.021,11094.215,0.211533,0.01,75.68
2026-08-14 08:52:24,LTCUSDT,15m,4942.112,3968.28,0.109292,0.01,43.9
2026-08-14 08:52:26,BCHUSDT,15m,1097.307,947.283,0.073376,0.1,201.5
2026-08-14 08:52:27,APTUSDT,15m,443928.53,174190.6,0.436385,0.001,0.541
2026-08-14 08:52:29,TRXUSDT,15m,5465107.8,4857589.4,0.058853,0.0001,0.3326
2026-08-14 08:52:30,SHIBUSDT,15m,52902784137.0,55230739565.0,-0.021529,0.0,4.61e-06
2026-08-14 08:52:31,UNIUSDT,15m,58675.73,36602.07,0.231677,0.001,3.243
2026-08-14 08:52:33,ATOMUSDT,15m,56365.53,46127.46,0.09989,0.001,1.522
2026-08-14 08:52:34,SUIUSDT,15m,144456.9,172973.4,-0.089835,0.0001,0.6784
2026-08-14 08:52:36,INJUSDT,15m,15885.4,2489.8,0.729004,0.001,4.233
2026-08-14 08:52:37,ICPUSDT,15m,43933.02,35305.73,0.108877,0.001,2.191
2026-08-14 08:52:48,BTCUSDT,15m,11.6324,2.992,0.590822,0.01,62992.0
2026-08-14 08:52:50,ETHUSDT,15m,2.6695,202.3301,-0.973956,0.01,1882.4
2026-08-14 08:52:51,SOLUSDT,15m,15784.159,11576.804,0.153772,0.01,75.68
2026-08-14 08:52:52,BNBUSDT,15m,144.993,98.706,0.189935,0.01,606.59
2026-08-14 08:52:54,SOLUSDT,1m,15618.289,11602.986,0.147506,0.01,75.69
2026-08-14 08:52:54,XRPUSDT,15m,911445.0,1179053.5,-0.128012,0.0001,1.0073
2026-08-14 08:52:55,DOGEUSDT,15m,8795231.0,10167033.0,-0.072344,1e-05,0.06986
2026-08-14 08:52:56,SOLUSDT,15m,15739.841,11603.645,0.151268,0.01,75.67
2026-08-14 08:52:57,ADAUSDT,15m,2470829.7,1076136.9,0.393207,0.0001,0.1798
2026-08-14 08:52:58,AVAXUSDT,15m,17347.11,13897.18,0.110418,0.001,6.427
2026-08-14 08:52:59,DOTUSDT,15m,637177.71,369943.18,0.265345,0.001,0.762
2026-08-14 08:53:01,LINKUSDT,15m,14282.55,10063.05,0.173317,0.001,8.855
2026-08-14 08:53:02,NEARUSDT,15m,278499.6,292070.6,-0.023785,0.001,1.591
2026-08-14 08:53:03,LTCUSDT,15m,4854.971,3890.506,0.110282,0.01,43.9
2026-08-14 08:53:05,BCHUSDT,15m,1045.164,953.525,0.04585,0.1,201.6
2026-08-14 08:53:06,APTUSDT,15m,452404.52,180124.52,0.430462,0.001,0.54
2026-08-14 08:53:08,TRXUSDT,15m,5338536.7,4618911.2,0.07227,0.0001,0.3325
2026-08-14 08:53:09,SHIBUSDT,15m,53371560956.0,56912361555.0,-0.032106,0.0,4.61e-06
2026-08-14 08:53:11,UNIUSDT,15m,59802.72,43376.17,0.159205,0.001,3.243
2026-08-14 08:53:12,ATOMUSDT,15m,59848.05,45701.58,0.134027,0.001,1.523
2026-08-14 08:53:13,SUIUSDT,15m,162338.7,153336.5,0.028517,0.0001,0.6783
2026-08-14 08:53:15,INJUSDT,15m,21416.46,3679.14,0.70679,0.001,4.248
2026-08-14 08:53:16,ICPUSDT,15m,44057.91,34493.93,0.121754,0.001,2.191
2026-08-14 08:53:28,BTCUSDT,15m,7.0649,7.4722,-0.028013,0.01,63019.99
2026-08-14 08:53:29,ETHUSDT,15m,57.4863,70.2195,-0.099707,0.01,1882.74
2026-08-14 08:53:31,SOLUSDT,15m,13632.64,11352.494,0.09126,0.01,75.71
2026-08-14 08:53:32,BNBUSDT,15m,104.844,183.409,-0.272556,0.01,606.83
2026-08-14 08:53:33,XRPUSDT,15m,817809.3,872096.4,-0.032124,0.0001,1.0074
2026-08-14 08:53:35,DOGEUSDT,15m,7657042.0,7923191.0,-0.017082,1e-05,0.06988
2026-08-14 08:53:36,ADAUSDT,15m,2517945.6,1057643.9,0.408409,0.0001,0.18
2026-08-14 08:53:37,AVAXUSDT,15m,12762.8,14231.2,-0.054397,0.001,6.437
2026-08-14 08:53:39,DOTUSDT,15m,621024.92,355019.73,0.272534,0.001,0.763
2026-08-14 08:53:40,LINKUSDT,15m,13622.79,10539.33,0.127615,0.001,8.855
2026-08-14 08:53:41,NEARUSDT,15m,273501.5,267791.0,0.01055,0.001,1.595
2026-08-14 08:53:43,LTCUSDT,15m,4816.762,3691.097,0.132309,0.01,43.9
2026-08-14 08:53:44,BCHUSDT,15m,1384.398,861.26,0.232955,0.1,201.7
2026-08-14 08:53:45,APTUSDT,15m,454535.64,175456.54,0.442988,0.001,0.54
2026-08-14 08:53:47,TRXUSDT,15m,5496393.8,4461761.2,0.103898,0.0001,0.3324
2026-08-14 08:53:48,SHIBUSDT,15m,51199957704.0,56316282537.0,-0.047587,0.0,4.61e-06
2026-08-14 08:53:50,UNIUSDT,15m,58665.25,35539.68,0.245482,0.001,3.245
2026-08-14 08:53:51,ATOMUSDT,15m,59845.4,45698.43,0.134039,0.001,1.523
2026-08-14 08:53:52,SUIUSDT,15m,162582.7,160909.6,0.005172,0.0001,0.6791
2026-08-14 08:53:54,INJUSDT,15m,21019.93,4535.21,0.645065,0.001,4.252
2026-08-14 08:53:55,ICPUSDT,15m,41859.71,33579.72,0.109757,0.001,2.196
2026-08-14 08:54:07,BTCUSDT,15m,10.9621,1.4951,0.759964,0.01,63010.98
2026-08-14 08:54:08,ETHUSDT,15m,68.933,87.5579,-0.119016,0.01,1882.82
2026-08-14 08:54:09,SOLUSDT,15m,18434.522,12109.57,0.207076,0.01,75.71
2026-08-14 08:54:11,BNBUSDT,15m,170.011,103.419,0.243543,0.01,606.75
2026-08-14 08:54:12,XRPUSDT,15m,989719.4,1142797.8,-0.071783,0.0001,1.0074
2026-08-14 08:54:14,DOGEUSDT,15m,9070719.0,9923170.0,-0.04488,1e-05,0.06989
2026-08-14 08:54:15,ADAUSDT,15m,2490290.1,1122018.1,0.378781,0.0001,0.18
2026-08-14 08:54:16,AVAXUSDT,15m,17968.65,11334.39,0.226402,0.001,6.435
2026-08-14 08:54:18,DOTUSDT,15m,657487.2,361009.01,0.291094,0.001,0.763
2026-08-14 08:54:19,LINKUSDT,15m,11256.43,11444.96,-0.008305,0.001,8.857
2026-08-14 08:54:20,NEARUSDT,15m,305438.2,272526.3,0.056945,0.001,1.593
2026-08-14 08:54:22,LTCUSDT,15m,5075.478,3932.409,0.126896,0.01,43.93
2026-08-14 08:54:23,BCHUSDT,15m,1142.476,869.011,0.135952,0.1,201.7
2026-08-14 08:54:25,APTUSDT,15m,447556.73,180813.86,0.424499,0.001,0.54
2026-08-14 08:54:26,TRXUSDT,15m,5282698.8,4726662.6,0.055552,0.0001,0.3324
2026-08-14 08:54:28,SHIBUSDT,15m,52811614616.0,54966187412.0,-0.019991,0.0,4.61e-06
2026-08-14 08:54:29,UNIUSDT,15m,56011.63,35820.9,0.219865,0.001,3.246
2026-08-14 08:54:31,ATOMUSDT,15m,56890.27,45748.88,0.108549,0.001,1.523
2026-08-14 08:54:32,SUIUSDT,15m,157716.7,174183.5,-0.049614,0.0001,0.6791
2026-08-14 08:54:33,INJUSDT,15m,16854.62,4520.9,0.577002,0.001,4.245
2026-08-14 08:54:35,ICPUSDT,15m,44449.06,33133.4,0.145853,0.001,2.196
2026-08-14 08:54:46,DOGEUSDT,15m,8967740.0,9933036.0,-0.051072,1e-05,0.06988
2026-08-14 08:54:46,BTCUSDT,15m,2.8724,22.3462,-0.772199,0.01,63015.04
2026-08-14 08:54:48,ETHUSDT,15m,41.2669,143.2959,-0.552815,0.01,1882.77
2026-08-14 08:54:49,SOLUSDT,15m,18411.132,12128.461,0.205722,0.01,75.72
2026-08-14 08:54:50,BNBUSDT,15m,220.791,44.502,0.664507,0.01,606.78
2026-08-14 08:54:52,XRPUSDT,15m,985034.3,1167657.5,-0.084835,0.0001,1.0074
2026-08-14 08:54:53,DOGEUSDT,15m,8923494.0,9908090.0,-0.052284,1e-05,0.06988
2026-08-14 08:54:54,DOGEUSDT,4h,8935633.0,9899686.0,-0.051183,1e-05,0.06988
2026-08-14 08:54:54,ADAUSDT,15m,2496409.5,1143424.5,0.371716,0.0001,0.18
2026-08-14 08:54:56,AVAXUSDT,15m,17383.4,10930.26,0.227916,0.001,6.434
2026-08-14 08:54:57,DOTUSDT,15m,658363.34,359120.07,0.294101,0.001,0.764
2026-08-14 08:54:59,DOGEUSDT,1h,9035239.0,9792541.0,-0.040223,1e-05,0.06988
2026-08-14 08:54:59,LINKUSDT,15m,13561.02,11066.54,0.101288,0.001,8.858
2026-08-14 08:55:00,NEARUSDT,15m,275268.1,302605.9,-0.047308,0.001,1.593
2026-08-14 08:55:01,LTCUSDT,15m,4887.319,3539.122,0.159996,0.01,43.94
2026-08-14 08:55:03,BCHUSDT,15m,1391.189,925.425,0.201054,0.1,201.8
2026-08-14 08:55:04,APTUSDT,15m,481900.26,193908.05,0.426145,0.001,0.54
2026-08-14 08:55:06,TRXUSDT,15m,5284439.1,4727324.2,0.055646,0.0001,0.3325
2026-08-14 08:55:07,SHIBUSDT,15m,54811562774.0,55597494139.0,-0.007118,0.0,4.61e-06
2026-08-14 08:55:09,UNIUSDT,15m,57541.31,40664.54,0.171851,0.001,3.246
2026-08-14 08:55:10,ATOMUSDT,15m,56724.67,44120.76,0.124982,0.001,1.523
2026-08-14 08:55:12,SUIUSDT,15m,154084.8,167987.2,-0.043166,0.0001,0.6791
2026-08-14 08:55:14,INJUSDT,15m,17314.3,4751.05,0.569366,0.001,4.247
2026-08-14 08:55:16,ICPUSDT,15m,43203.33,31116.38,0.162635,0.001,2.198
2026-08-14 08:55:27,BTCUSDT,15m,5.7055,10.4175,-0.292254,0.01,63039.69
2026-08-14 08:55:29,ETHUSDT,15m,85.4145,54.8442,0.217957,0.01,1883.62
2026-08-14 08:55:30,SOLUSDT,15m,18704.403,10052.93,0.300844,0.01,75.75
2026-08-14 08:55:31,BNBUSDT,15m,294.243,59.753,0.662409,0.01,607.06
2026-08-14 08:55:33,XRPUSDT,15m,943773.1,1021446.9,-0.039524,0.0001,1.0076
2026-08-14 08:55:34,DOGEUSDT,15m,8815747.0,8894865.0,-0.004467,1e-05,0.06993
2026-08-14 08:55:35,ADAUSDT,15m,2403021.6,1083769.6,0.378357,0.0001,0.18
2026-08-14 08:55:37,AVAXUSDT,15m,15573.34,17299.12,-0.052499,0.001,6.439
2026-08-14 08:55:38,DOTUSDT,15m,654745.74,340649.9,0.315549,0.001,0.764
2026-08-14 08:55:40,LINKUSDT,15m,12713.08,12103.99,0.024543,0.001,8.862
2026-08-14 08:55:42,NEARUSDT,15m,293773.8,279225.5,0.02539,0.001,1.594
2026-08-14 08:55:43,LTCUSDT,15m,5053.156,3676.961,0.157638,0.01,43.92
2026-08-14 08:55:45,BCHUSDT,15m,1430.004,913.189,0.22056,0.1,202.0
2026-08-14 08:55:47,APTUSDT,15m,490311.53,188366.37,0.444902,0.001,0.541
2026-08-14 08:55:48,TRXUSDT,15m,5283795.9,4641541.5,0.064709,0.0001,0.3325
2026-08-14 08:55:49,SHIBUSDT,15m,55664550212.0,55616353866.0,0.000433,0.0,4.62e-06
2026-08-14 08:55:51,UNIUSDT,15m,60524.42,37550.24,0.234252,0.001,3.246
2026-08-14 08:55:52,ATOMUSDT,15m,55673.53,43235.77,0.125749,0.001,1.523
2026-08-14 08:55:54,SUIUSDT,15m,154795.0,139929.1,0.05044,0.0001,0.6792
2026-08-14 08:55:55,INJUSDT,15m,17092.31,4471.33,0.58529,0.001,4.242
2026-08-14 08:55:56,ICPUSDT,15m,43810.48,33813.27,0.128791,0.001,2.198
2026-08-14 08:56:08,BTCUSDT,15m,0.1931,19.0629,-0.979939,0.01,63054.29
2026-08-14 08:56:09,ETHUSDT,15m,25.3362,178.2654,-0.75112,0.01,1882.49
2026-08-14 08:56:10,SOLUSDT,15m,12621.465,12712.785,-0.003605,0.01,75.73
2026-08-14 08:56:12,BNBUSDT,15m,90.537,222.354,-0.421287,0.01,606.96
2026-08-14 08:56:13,XRPUSDT,15m,899748.4,1012543.6,-0.058984,0.0001,1.0074
2026-08-14 08:56:14,DOGEUSDT,15m,8682392.0,10116728.0,-0.076298,1e-05,0.06989
2026-08-14 08:56:16,ADAUSDT,15m,2354856.6,1149406.9,0.343995,0.0001,0.18
2026-08-14 08:56:17,AVAXUSDT,15m,17251.65,15107.45,0.066263,0.001,6.439
2026-08-14 08:56:18,DOTUSDT,15m,654171.76,349024.85,0.304175,0.001,0.764
2026-08-14 08:56:20,LINKUSDT,15m,13658.51,9688.78,0.17003,0.001,8.857
2026-08-14 08:56:21,NEARUSDT,15m,294744.2,294292.8,0.000766,0.001,1.594
2026-08-14 08:56:23,LTCUSDT,15m,5119.334,3887.27,0.136796,0.01,43.92
2026-08-14 08:56:24,BCHUSDT,15m,1123.141,934.573,0.09164,0.1,201.9
2026-08-14 08:56:25,APTUSDT,15m,481463.14,219932.76,0.372871,0.001,0.541
2026-08-14 08:56:27,TRXUSDT,15m,5111767.8,4628949.0,0.049567,0.0001,0.3325
2026-08-14 08:56:28,SHIBUSDT,15m,51606089156.0,58105038663.0,-0.059237,0.0,4.62e-06
2026-08-14 08:56:29,UNIUSDT,15m,61448.32,35083.21,0.273124,0.001,3.242
2026-08-14 08:56:31,ATOMUSDT,15m,55566.32,41901.2,0.140202,0.001,1.523
2026-08-14 08:56:32,SUIUSDT,15m,141813.3,146985.4,-0.017909,0.0001,0.6788
2026-08-14 08:56:33,INJUSDT,15m,17169.38,4462.64,0.587404,0.001,4.239
2026-08-14 08:56:35,ICPUSDT,15m,45113.59,33733.31,0.144334,0.001,2.198
2026-08-14 08:56:46,BTCUSDT,15m,0.7344,20.5931,-0.93113,0.01,63037.93
2026-08-14 08:56:47,ETHUSDT,15m,45.7124,199.834,-0.627668,0.01,1882.53
2026-08-14 08:56:49,SOLUSDT,15m,14698.78,13965.957,0.025565,0.01,75.72
2026-08-14 08:56:50,BNBUSDT,15m,138.011,126.077,0.045189,0.01,606.98
2026-08-14 08:56:51,XRPUSDT,15m,789346.2,1004783.4,-0.120079,0.0001,1.0076
2026-08-14 08:56:53,DOGEUSDT,15m,9007387.0,9500463.0,-0.026641,1e-05,0.06991
2026-08-14 08:56:54,ADAUSDT,15m,2355791.2,1239632.2,0.310439,0.0001,0.18
2026-08-14 08:56:56,AVAXUSDT,15m,17547.98,13596.19,0.126887,0.001,6.441
2026-08-14 08:56:57,DOTUSDT,15m,646520.72,346884.06,0.301626,0.001,0.764
2026-08-14 08:56:58,LINKUSDT,15m,13465.74,11215.66,0.091165,0.001,8.859
2026-08-14 08:57:01,NEARUSDT,15m,280292.1,302154.9,-0.037536,0.001,1.593
2026-08-14 08:57:02,LTCUSDT,15m,5254.223,3885.384,0.14977,0.01,43.92
2026-08-14 08:57:04,BCHUSDT,15m,1107.08,919.705,0.092449,0.1,201.9
2026-08-14 08:57:05,APTUSDT,15m,480482.31,220067.86,0.371728,0.001,0.541
2026-08-14 08:57:07,TRXUSDT,15m,5100411.0,4627983.8,0.048562,0.0001,0.3324
2026-08-14 08:57:08,SHIBUSDT,15m,49710019287.0,56423339206.0,-0.063254,0.0,4.62e-06
2026-08-14 08:57:09,UNIUSDT,15m,61094.53,38191.73,0.230674,0.001,3.24
2026-08-14 08:57:11,ATOMUSDT,15m,57572.86,42156.78,0.154579,0.001,1.524
2026-08-14 08:57:12,SUIUSDT,15m,163572.8,161702.3,0.005751,0.0001,0.678
2026-08-14 08:57:13,INJUSDT,15m,16510.75,4371.74,0.581301,0.001,4.237
2026-08-14 08:57:15,ICPUSDT,15m,44929.02,33729.02,0.142388,0.001,2.198
2026-08-14 08:57:27,BTCUSDT,15m,2.8584,11.6733,-0.6066,0.01,63024.01
2026-08-14 08:57:28,ETHUSDT,15m,119.1055,118.6693,0.001835,0.01,1882.53
2026-08-14 08:57:30,SOLUSDT,15m,16681.648,13989.573,0.087772,0.01,75.72
2026-08-14 08:57:31,BNBUSDT,15m,132.821,157.584,-0.085271,0.01,606.94
2026-08-14 08:57:33,XRPUSDT,15m,877294.4,977319.9,-0.053933,0.0001,1.0076
2026-08-14 08:57:34,DOGEUSDT,15m,8781329.0,10232177.0,-0.076306,1e-05,0.06991
2026-08-14 08:57:35,ADAUSDT,15m,2385433.2,1261151.4,0.308311,0.0001,0.18
2026-08-14 08:57:37,AVAXUSDT,15m,13219.0,16057.74,-0.096962,0.001,6.442
2026-08-14 08:57:38,DOTUSDT,15m,643994.18,344310.8,0.30323,0.001,0.764
2026-08-14 08:57:39,LINKUSDT,15m,13133.13,10841.16,0.095601,0.001,8.859
2026-08-14 08:57:41,NEARUSDT,15m,277191.1,301135.8,-0.041403,0.001,1.593
2026-08-14 08:57:42,LTCUSDT,15m,5247.328,3672.721,0.176524,0.01,43.92
2026-08-14 08:57:43,BCHUSDT,15m,1158.296,936.447,0.105908,0.1,202.0
2026-08-14 08:57:45,APTUSDT,15m,466442.33,213311.57,0.372386,0.001,0.54
2026-08-14 08:57:46,TRXUSDT,15m,5090959.8,4620067.3,0.04849,0.0001,0.3324
2026-08-14 08:57:47,SHIBUSDT,15m,49983346499.0,56985510281.0,-0.06546,0.0,4.62e-06
2026-08-14 08:57:49,UNIUSDT,15m,55808.9,41699.07,0.144704,0.001,3.239
2026-08-14 08:57:50,ATOMUSDT,15m,57367.4,44468.7,0.126661,0.001,1.523
2026-08-14 08:57:52,SUIUSDT,15m,156371.5,137823.5,0.063047,0.0001,0.6779
2026-08-14 08:57:53,INJUSDT,15m,15416.42,4639.72,0.537327,0.001,4.232
2026-08-14 08:57:54,ICPUSDT,15m,45954.46,33938.08,0.150407,0.001,2.198
2026-08-14 08:58:06,BTCUSDT,15m,12.2266,1.1259,0.831361,0.01,63013.74
2026-08-14 08:58:07,ETHUSDT,15m,130.4819,63.0116,0.348695,0.01,1882.56
2026-08-14 08:58:09,SOLUSDT,15m,14497.632,14366.691,0.004536,0.01,75.7
2026-08-14 08:58:11,BNBUSDT,15m,131.377,136.173,-0.017926,0.01,606.76
2026-08-14 08:58:13,XRPUSDT,15m,957463.3,988102.8,-0.015748,0.0001,1.0072
2026-08-14 08:58:14,DOGEUSDT,15m,8667465.0,10909549.0,-0.114526,1e-05,0.0699
2026-08-14 08:58:15,ADAUSDT,15m,2412372.7,1164804.2,0.348758,0.0001,0.1801
2026-08-14 08:58:17,AVAXUSDT,15m,14849.43,12669.97,0.079197,0.001,6.448
2026-08-14 08:58:18,DOTUSDT,15m,639808.2,345004.9,0.299349,0.001,0.764
2026-08-14 08:58:19,LINKUSDT,15m,14505.53,10368.83,0.166304,0.001,8.856
2026-08-14 08:58:21,NEARUSDT,15m,278772.2,297143.2,-0.031899,0.001,1.593
2026-08-14 08:58:22,LTCUSDT,15m,5317.673,3794.871,0.167111,0.01,43.93
2026-08-14 08:58:23,BCHUSDT,15m,1142.158,940.399,0.09688,0.1,201.6
2026-08-14 08:58:25,APTUSDT,15m,464374.19,213924.42,0.369232,0.001,0.54
2026-08-14 08:58:27,TRXUSDT,15m,5129958.3,4665506.7,0.047415,0.0001,0.3325
2026-08-14 08:58:28,SHIBUSDT,15m,50773481812.0,53291052063.0,-0.024192,0.0,4.64e-06
2026-08-14 08:58:30,UNIUSDT,15m,54079.36,39546.05,0.155228,0.001,3.239
2026-08-14 08:58:31,ATOMUSDT,15m,57589.46,44467.69,0.128573,0.001,1.523
2026-08-14 08:58:32,SUIUSDT,15m,158765.9,177870.5,-0.056751,0.0001,0.6778
2026-08-14 08:58:34,INJUSDT,15m,16321.47,5631.4,0.486955,0.001,4.23
2026-08-14 08:58:35,ICPUSDT,15m,45173.39,31642.92,0.176141,0.001,2.199
2026-08-14 08:58:47,BTCUSDT,15m,2.1464,13.7772,-0.730416,0.01,63011.36
2026-08-14 08:58:48,ETHUSDT,15m,43.5164,171.4461,-0.595126,0.01,1882.36
2026-08-14 08:58:49,SOLUSDT,15m,15040.39,14145.707,0.030654,0.01,75.7
2026-08-14 08:58:51,BNBUSDT,15m,150.102,174.977,-0.07652,0.01,606.62
2026-08-14 08:58:52,XRPUSDT,15m,900046.2,1046530.7,-0.075252,0.0001,1.0073
2026-08-14 08:58:53,DOGEUSDT,15m,8719472.0,10767481.0,-0.105096,1e-05,0.0699
2026-08-14 08:58:55,ADAUSDT,15m,2298564.1,1307124.9,0.274965,0.0001,0.18
2026-08-14 08:58:56,AVAXUSDT,15m,20843.89,13553.4,0.21195,0.001,6.448
2026-08-14 08:58:57,DOTUSDT,15m,641178.76,349192.44,0.294825,0.001,0.764
2026-08-14 08:58:59,LINKUSDT,15m,13029.39,11342.89,0.069197,0.001,8.856
2026-08-14 08:59:00,NEARUSDT,15m,281498.7,299497.7,-0.03098,0.001,1.593
2026-08-14 08:59:01,LTCUSDT,15m,5435.312,3496.75,0.217034,0.01,43.93
2026-08-14 08:59:03,BCHUSDT,15m,1419.711,951.617,0.197397,0.1,201.6
2026-08-14 08:59:04,APTUSDT,15m,463989.37,213237.76,0.370262,0.001,0.54
2026-08-14 08:59:06,TRXUSDT,15m,5552156.1,4614545.5,0.092224,0.0001,0.3324
2026-08-14 08:59:07,SHIBUSDT,15m,47053388249.0,54230857381.0,-0.070865,0.0,4.63e-06
2026-08-14 08:59:08,UNIUSDT,15m,55443.78,38372.13,0.18197,0.001,3.239
2026-08-14 08:59:10,ATOMUSDT,15m,54981.4,43559.7,0.115908,0.001,1.523
2026-08-14 08:59:11,SUIUSDT,15m,147164.8,165861.4,-0.059729,0.0001,0.6776
2026-08-14 08:59:12,INJUSDT,15m,15382.55,4118.17,0.577639,0.001,4.229
2026-08-14 08:59:14,ICPUSDT,15m,46353.3,31598.26,0.189285,0.001,2.199
2026-08-14 08:59:25,BTCUSDT,15m,4.2287,6.3697,-0.20201,0.01,63011.36
2026-08-14 08:59:27,ETHUSDT,15m,26.9743,230.3398,-0.79034,0.01,1882.05
2026-08-14 08:59:28,SOLUSDT,15m,15237.498,14236.991,0.033945,0.01,75.69
2026-08-14 08:59:29,BNBUSDT,15m,150.796,70.246,0.36441,0.01,606.63
2026-08-14 08:59:31,XRPUSDT,15m,855051.8,1030038.8,-0.092827,0.0001,1.0071
2026-08-14 08:59:32,DOGEUSDT,15m,8904774.0,9567957.0,-0.035901,1e-05,0.06992
2026-08-14 08:59:33,ADAUSDT,15m,2189812.5,1259554.7,0.269689,0.0001,0.18
2026-08-14 08:59:35,AVAXUSDT,15m,17639.51,14649.39,0.092605,0.001,6.447
2026-08-14 08:59:36,DOTUSDT,15m,640334.03,348367.73,0.295303,0.001,0.764
2026-08-14 08:59:37,LINKUSDT,15m,12808.18,11595.55,0.04969,0.001,8.858
2026-08-14 08:59:39,NEARUSDT,15m,279890.4,296706.0,-0.029164,0.001,1.592
2026-08-14 08:59:40,LTCUSDT,15m,5529.812,3789.931,0.186688,0.01,43.94
2026-08-14 08:59:41,BCHUSDT,15m,1141.378,962.871,0.084832,0.1,201.7
2026-08-14 08:59:43,APTUSDT,15m,460116.32,213413.24,0.366284,0.001,0.541
2026-08-14 08:59:44,TRXUSDT,15m,5402485.9,4339241.7,0.109143,0.0001,0.3325
2026-08-14 08:59:46,SHIBUSDT,15m,49249591600.0,55429373321.0,-0.059036,0.0,4.65e-06
2026-08-14 08:59:47,UNIUSDT,15m,57209.29,39375.35,0.184646,0.001,3.238
2026-08-14 08:59:48,ATOMUSDT,15m,55264.15,43160.85,0.12297,0.001,1.522
2026-08-14 08:59:50,SUIUSDT,15m,128724.5,169094.3,-0.135552,0.0001,0.6773
2026-08-14 08:59:52,INJUSDT,15m,16072.3,5425.79,0.495231,0.001,4.228
2026-08-14 08:59:53,ICPUSDT,15m,40824.06,29208.23,0.165864,0.001,2.198
2026-08-14 09:00:03,DOGEUSDT,1h,8583223.0,9324756.0,-0.041408,1e-05,0.06989
2026-08-14 09:00:04,BTCUSDT,15m,4.875,8.3942,-0.26522,0.01,62989.64
2026-08-14 09:00:06,ETHUSDT,15m,48.4111,91.9602,-0.310242,0.01,1881.96
2026-08-14 09:00:07,SOLUSDT,15m,14779.486,14092.815,0.023783,0.01,75.66
2026-08-14 09:00:09,BNBUSDT,15m,85.158,101.579,-0.087937,0.01,606.69
2026-08-14 09:00:10,ICPUSDT,1h,43116.46,29186.93,0.192654,0.001,2.199
2026-08-14 09:00:10,XRPUSDT,15m,922964.3,979697.6,-0.029818,0.0001,1.0068
2026-08-14 09:00:11,DOGEUSDT,15m,7832220.0,9530146.0,-0.097793,1e-05,0.06991
2026-08-14 09:00:13,ADAUSDT,15m,2159984.4,1169596.6,0.297451,0.0001,0.1799
2026-08-14 09:00:14,AVAXUSDT,15m,14216.16,16019.8,-0.059652,0.001,6.44
2026-08-14 09:00:15,DOTUSDT,15m,629764.13,341926.72,0.296223,0.001,0.764
2026-08-14 09:00:15,BTCUSDT,1h,6.0453,4.2304,0.176618,0.01,62985.8
2026-08-14 09:00:17,LINKUSDT,15m,13566.84,12104.62,0.056959,0.001,8.863
2026-08-14 09:00:18,NEARUSDT,15m,273601.0,296457.9,-0.040096,0.001,1.592
2026-08-14 09:00:20,LTCUSDT,15m,4591.07,3937.507,0.076632,0.01,43.9
2026-08-14 09:00:21,BCHUSDT,15m,1102.684,959.486,0.06944,0.1,201.5
2026-08-14 09:00:22,APTUSDT,15m,469477.79,215631.93,0.370519,0.001,0.54
2026-08-14 09:00:24,TRXUSDT,15m,5443246.0,4633367.1,0.080372,0.0001,0.3323
2026-08-14 09:00:25,SHIBUSDT,15m,49261061110.0,53250675575.0,-0.038919,0.0,4.66e-06
2026-08-14 09:00:26,UNIUSDT,15m,52444.43,36032.52,0.185494,0.001,3.239
2026-08-14 09:00:28,ATOMUSDT,15m,51666.63,41050.86,0.114496,0.001,1.522
2026-08-14 09:00:29,SUIUSDT,15m,134396.8,173261.1,-0.126323,0.0001,0.6773
2026-08-14 09:00:30,INJUSDT,15m,13263.31,4888.92,0.461342,0.001,4.226
2026-08-14 09:00:32,ICPUSDT,15m,43053.82,30032.84,0.178158,0.001,2.199
2026-08-14 09:00:43,BTCUSDT,15m,0.1791,13.7729,-0.974329,0.01,62988.01
2026-08-14 09:00:45,ETHUSDT,15m,42.1235,171.148,-0.604978,0.01,1881.93
2026-08-14 09:00:47,SOLUSDT,15m,17467.062,15456.13,0.061079,0.01,75.67
2026-08-14 09:00:49,BNBUSDT,15m,127.997,101.406,0.115914,0.01,606.72
2026-08-14 09:00:51,XRPUSDT,15m,892950.1,863387.7,0.016832,0.0001,1.0066
2026-08-14 09:00:53,DOGEUSDT,15m,8789825.0,9598689.0,-0.043987,1e-05,0.06991
2026-08-14 09:00:54,ADAUSDT,15m,2392723.5,1115909.1,0.363907,0.0001,0.1799
2026-08-14 09:00:55,AVAXUSDT,15m,12608.57,11865.87,0.030346,0.001,6.434
2026-08-14 09:00:57,DOTUSDT,15m,631075.21,370716.49,0.259893,0.001,0.764
2026-08-14 09:00:58,LINKUSDT,15m,11406.46,11316.09,0.003977,0.001,8.86
2026-08-14 09:01:00,NEARUSDT,15m,280272.5,294773.1,-0.025216,0.001,1.591
2026-08-14 09:01:01,LTCUSDT,15m,4658.876,3760.425,0.106713,0.01,43.91
2026-08-14 09:01:02,BCHUSDT,15m,1347.314,940.911,0.177606,0.1,201.7
2026-08-14 09:01:04,APTUSDT,15m,473775.14,219831.0,0.366122,0.001,0.54
2026-08-14 09:01:05,TRXUSDT,15m,5575188.2,4387849.5,0.119174,0.0001,0.3323
2026-08-14 09:01:07,SHIBUSDT,15m,49309144323.0,55659278547.0,-0.060496,0.0,4.67e-06
2026-08-14 09:01:08,UNIUSDT,15m,56164.4,38374.5,0.188175,0.001,3.237
2026-08-14 09:01:09,ATOMUSDT,15m,55263.79,44709.62,0.10557,0.001,1.52
2026-08-14 09:01:11,SUIUSDT,15m,161690.3,309159.3,-0.313198,0.0001,0.6774
2026-08-14 09:01:12,INJUSDT,15m,15746.1,2477.66,0.728085,0.001,4.239
2026-08-14 09:01:14,ICPUSDT,15m,43072.07,30673.59,0.168125,0.001,2.2
2026-08-14 09:01:25,BTCUSDT,15m,6.2882,9.1088,-0.18319,0.01,62990.37
2026-08-14 09:01:26,ETHUSDT,15m,64.0649,144.1844,-0.384729,0.01,1881.83
2026-08-14 09:01:28,SOLUSDT,15m,14794.229,15786.003,-0.032432,0.01,75.65
2026-08-14 09:01:29,BNBUSDT,15m,119.883,188.769,-0.223183,0.01,606.61
2026-08-14 09:01:30,XRPUSDT,15m,1184131.6,978185.6,0.095243,0.0001,1.0063
2026-08-14 09:01:32,DOGEUSDT,15m,8858092.0,9501262.0,-0.035032,1e-05,0.06992
2026-08-14 09:01:33,ADAUSDT,15m,2395355.4,1170582.9,0.343464,0.0001,0.1799
2026-08-14 09:01:34,AVAXUSDT,15m,18278.85,15068.41,0.096273,0.001,6.435
2026-08-14 09:01:36,DOTUSDT,15m,634407.93,371366.96,0.261531,0.001,0.764
2026-08-14 09:01:37,LINKUSDT,15m,13186.31,10066.21,0.134183,0.001,8.857
2026-08-14 09:01:38,NEARUSDT,15m,298211.3,280320.7,0.030924,0.001,1.592
2026-08-14 09:01:40,LTCUSDT,15m,4972.467,4037.157,0.103812,0.01,43.93
2026-08-14 09:01:41,BCHUSDT,15m,1386.467,956.514,0.183507,0.1,201.8
2026-08-14 09:01:43,APTUSDT,15m,467600.82,228486.64,0.343512,0.001,0.54
2026-08-14 09:01:44,TRXUSDT,15m,5483203.8,4682457.7,0.07877,0.0001,0.3321
2026-08-14 09:01:46,SHIBUSDT,15m,51230514028.0,56816280304.0,-0.051698,0.0,4.67e-06
2026-08-14 09:01:47,UNIUSDT,15m,55804.51,43346.91,0.125642,0.001,3.235
2026-08-14 09:01:49,ATOMUSDT,15m,55384.79,46957.17,0.082348,0.001,1.521
2026-08-14 09:01:50,SUIUSDT,15m,146467.4,239442.4,-0.240924,0.0001,0.6771
2026-08-14 09:01:52,INJUSDT,15m,16668.65,4624.98,0.5656,0.001,4.23
2026-08-14 09:01:54,ICPUSDT,15m,46718.7,32714.64,0.1763,0.001,2.198
2026-08-14 09:02:05,BTCUSDT,15m,17.0972,1.5098,0.837717,0.01,62995.18
2026-08-14 09:02:06,ETHUSDT,15m,176.4042,82.8895,0.360652,0.01,1881.84
2026-08-14 09:02:08,SOLUSDT,15m,13502.513,15483.46,-0.068342,0.01,75.64
2026-08-14 09:02:09,BNBUSDT,15m,168.431,197.982,-0.080649,0.01,606.58
2026-08-14 09:02:11,XRPUSDT,15m,867414.9,1022785.1,-0.082198,0.0001,1.0068
2026-08-14 09:02:12,DOGEUSDT,15m,8869552.0,9179957.0,-0.017197,1e-05,0.06995
2026-08-14 09:02:13,ADAUSDT,15m,2384903.9,1137562.3,0.35411,0.0001,0.1799
2026-08-14 09:02:15,AVAXUSDT,15m,13599.56,16301.02,-0.090348,0.001,6.441
2026-08-14 09:02:16,DOTUSDT,15m,638760.27,336837.56,0.309475,0.001,0.764
2026-08-14 09:02:17,LINKUSDT,15m,13827.94,10986.27,0.114518,0.001,8.862
2026-08-14 09:02:19,NEARUSDT,15m,298436.9,288470.3,0.016982,0.001,1.592
2026-08-14 09:02:20,LTCUSDT,15m,4836.359,3550.212,0.153358,0.01,43.94
2026-08-14 09:02:21,BCHUSDT,15m,1114.968,955.319,0.077114,0.1,201.8
2026-08-14 09:02:23,APTUSDT,15m,476249.34,218469.24,0.371057,0.001,0.541
2026-08-14 09:02:24,TRXUSDT,15m,5665932.6,4467577.6,0.118257,0.0001,0.3319
2026-08-14 09:02:25,SHIBUSDT,15m,48765658097.0,55840253685.0,-0.067631,0.0,4.68e-06
2026-08-14 09:02:27,UNIUSDT,15m,56872.52,37891.19,0.200302,0.001,3.238
2026-08-14 09:02:28,ATOMUSDT,15m,55356.76,39133.61,0.171691,0.001,1.521
2026-08-14 09:02:29,SUIUSDT,15m,163907.2,231600.2,-0.171155,0.0001,0.6772
2026-08-14 09:02:31,INJUSDT,15m,14935.04,3715.09,0.601602,0.001,4.235
2026-08-14 09:02:32,ICPUSDT,15m,45532.12,33139.11,0.157529,0.001,2.198
2026-08-14 09:02:43,BTCUSDT,15m,14.2866,2.6327,0.688791,0.01,63010.01
2026-08-14 09:02:45,ETHUSDT,15m,167.0636,117.4503,0.174379,0.01,1882.19
2026-08-14 09:02:46,SOLUSDT,15m,14705.685,13842.269,0.030244,0.01,75.67
2026-08-14 09:02:48,BNBUSDT,15m,125.3,130.881,-0.021785,0.01,606.73
2026-08-14 09:02:49,XRPUSDT,15m,784449.8,1046098.9,-0.142935,0.0001,1.0073
2026-08-14 09:02:50,DOGEUSDT,15m,9568909.0,8618939.0,0.052231,1e-05,0.06998
2026-08-14 09:02:52,ADAUSDT,15m,2436729.2,1144300.3,0.36091,0.0001,0.18
2026-08-14 09:02:53,AVAXUSDT,15m,13984.42,12746.3,0.046318,0.001,6.444
2026-08-14 09:02:54,DOTUSDT,15m,662076.33,347856.12,0.31113,0.001,0.765
2026-08-14 09:02:56,LINKUSDT,15m,13277.04,11454.08,0.073711,0.001,8.864
2026-08-14 09:02:57,NEARUSDT,15m,311307.4,272687.1,0.066131,0.001,1.594
2026-08-14 09:02:58,LTCUSDT,15m,5095.052,3706.358,0.157781,0.01,43.94
2026-08-14 09:03:00,BCHUSDT,15m,1127.122,941.006,0.089992,0.1,201.8
2026-08-14 09:03:01,APTUSDT,15m,494620.27,205308.89,0.413344,0.001,0.541
2026-08-14 09:03:03,TRXUSDT,15m,5570022.2,4364032.2,0.1214,0.0001,0.332
2026-08-14 09:03:04,SHIBUSDT,15m,51047625483.0,56128257405.0,-0.047405,0.0,4.67e-06
2026-08-14 09:03:05,UNIUSDT,15m,49739.39,37121.2,0.145269,0.001,3.242
2026-08-14 09:03:07,ATOMUSDT,15m,57438.57,46536.8,0.10485,0.001,1.52
2026-08-14 09:03:09,SUIUSDT,15m,168595.8,188208.7,-0.054968,0.0001,0.6774
2026-08-14 09:03:10,INJUSDT,15m,14058.91,3631.7,0.589421,0.001,4.238
2026-08-14 09:03:11,ICPUSDT,15m,45361.0,32863.25,0.159768,0.001,2.203
2026-08-14 09:03:23,BTCUSDT,15m,5.9567,1.877,0.520783,0.01,63032.01
2026-08-14 09:03:24,ETHUSDT,15m,124.9614,49.7318,0.430638,0.01,1882.78
2026-08-14 09:03:26,SOLUSDT,15m,15607.202,13939.74,0.056434,0.01,75.69
2026-08-14 09:03:27,BNBUSDT,15m,224.378,73.046,0.508809,0.01,606.8
2026-08-14 09:03:28,XRPUSDT,15m,843300.8,942267.3,-0.055426,0.0001,1.0073
2026-08-14 09:03:30,DOGEUSDT,15m,9445297.0,8738435.0,0.038873,1e-05,0.06997
2026-08-14 09:03:31,ADAUSDT,15m,2435730.9,1203942.2,0.338434,0.0001,0.1802
2026-08-14 09:03:32,AVAXUSDT,15m,19215.64,13708.08,0.167282,0.001,6.442
2026-08-14 09:03:34,DOTUSDT,15m,631316.88,369475.33,0.261634,0.001,0.764
2026-08-14 09:03:35,LINKUSDT,15m,12866.72,12172.9,0.027709,0.001,8.867
2026-08-14 09:03:36,NEARUSDT,15m,310204.1,282036.4,0.047561,0.001,1.596
2026-08-14 09:03:38,LTCUSDT,15m,4932.703,3914.767,0.115054,0.01,43.95
2026-08-14 09:03:39,BCHUSDT,15m,1133.546,1021.645,0.051922,0.1,202.0
2026-08-14 09:03:40,APTUSDT,15m,473805.44,218854.1,0.368076,0.001,0.54
2026-08-14 09:03:42,TRXUSDT,15m,5659485.1,4499546.0,0.114178,0.0001,0.3321
2026-08-14 09:03:43,SHIBUSDT,15m,46956700421.0,58421031977.0,-0.108793,0.0,4.66e-06
2026-08-14 09:03:45,UNIUSDT,15m,50912.64,40039.55,0.119547,0.001,3.242
2026-08-14 09:03:46,ATOMUSDT,15m,56313.01,47942.67,0.080287,0.001,1.518
2026-08-14 09:03:47,SUIUSDT,15m,157911.3,195024.8,-0.105156,0.0001,0.6774
2026-08-14 09:03:49,INJUSDT,15m,17145.29,3692.04,0.645632,0.001,4.233
2026-08-14 09:03:50,ICPUSDT,15m,45559.31,34124.49,0.143502,0.001,2.203
2026-08-14 09:04:02,BTCUSDT,15m,12.0781,4.0032,0.502127,0.01,63035.92
2026-08-14 09:04:03,ETHUSDT,15m,197.2796,28.2208,0.749705,0.01,1883.09
2026-08-14 09:04:05,SOLUSDT,15m,15166.207,14239.221,0.031524,0.01,75.66
2026-08-14 09:04:05,ETHUSDT,1h,199.474,27.2364,0.759725,0.01,1883.09
2026-08-14 09:04:06,BNBUSDT,15m,158.771,52.041,0.50628,0.01,606.8
2026-08-14 09:04:07,XRPUSDT,15m,903693.6,977370.4,-0.039168,0.0001,1.0071
2026-08-14 09:04:09,DOGEUSDT,15m,8998401.0,8910343.0,0.004917,1e-05,0.06995
2026-08-14 09:04:10,ADAUSDT,15m,2391952.2,1119026.7,0.362556,0.0001,0.1803
2026-08-14 09:04:11,AVAXUSDT,15m,13429.92,13127.76,0.011377,0.001,6.44
2026-08-14 09:04:13,DOTUSDT,15m,586974.61,358033.4,0.242264,0.001,0.764
2026-08-14 09:04:14,LINKUSDT,15m,12200.2,14627.82,-0.090488,0.001,8.878
2026-08-14 09:04:16,NEARUSDT,15m,304947.6,282662.0,0.037926,0.001,1.595
2026-08-14 09:04:17,LTCUSDT,15m,4913.061,4089.818,0.091442,0.01,43.96
2026-08-14 09:04:18,BCHUSDT,15m,1090.382,1024.062,0.031365,0.1,201.9
2026-08-14 09:04:20,APTUSDT,15m,490707.38,206188.86,0.408265,0.001,0.541
2026-08-14 09:04:21,TRXUSDT,15m,5835134.9,4445902.0,0.135126,0.0001,0.3322
2026-08-14 09:04:22,SHIBUSDT,15m,49922067375.0,56626735122.0,-0.062926,0.0,4.66e-06
2026-08-14 09:04:24,UNIUSDT,15m,54915.84,38520.51,0.175471,0.001,3.244
2026-08-14 09:04:25,ATOMUSDT,15m,58270.89,47607.2,0.100717,0.001,1.517
2026-08-14 09:04:26,SUIUSDT,15m,211625.6,172825.2,0.100924,0.0001,0.6775
2026-08-14 09:04:28,INJUSDT,15m,18787.1,4477.62,0.615072,0.001,4.234
2026-08-14 09:04:29,ICPUSDT,15m,44601.36,32453.46,0.157653,0.001,2.204
2026-08-14 09:04:41,BTCUSDT,15m,3.4157,13.4686,-0.595401,0.01,63040.01
2026-08-14 09:04:42,ETHUSDT,15m,58.9559,145.794,-0.424118,0.01,1882.52
2026-08-14 09:04:43,SOLUSDT,15m,16432.695,12352.637,0.141741,0.01,75.68
2026-08-14 09:04:45,BNBUSDT,15m,152.052,75.941,0.33383,0.01,606.85
2026-08-14 09:04:46,XRPUSDT,15m,909691.3,1220456.2,-0.145889,0.0001,1.0068
2026-08-14 09:04:47,DOGEUSDT,15m,8112908.0,9550667.0,-0.081397,1e-05,0.06995
2026-08-14 09:04:49,ADAUSDT,15m,2101668.6,1082365.4,0.320129,0.0001,0.1803
2026-08-14 09:04:50,AVAXUSDT,15m,14318.54,15221.01,-0.030551,0.001,6.435
2026-08-14 09:04:52,DOTUSDT,15m,576687.32,384769.73,0.199611,0.001,0.763
2026-08-14 09:04:53,LINKUSDT,15m,11232.01,11224.42,0.000338,0.001,8.867
2026-08-14 09:04:54,NEARUSDT,15m,284120.1,288859.3,-0.008271,0.001,1.594
2026-08-14 09:04:56,LTCUSDT,15m,4805.59,3933.593,0.09978,0.01,43.95
2026-08-14 09:04:57,BCHUSDT,15m,982.36,1028.556,-0.022973,0.1,201.6
2026-08-14 09:04:59,APTUSDT,15m,479216.52,216238.26,0.378139,0.001,0.541
2026-08-14 09:05:00,TRXUSDT,15m,5722120.7,4446438.2,0.125454,0.0001,0.3323
2026-08-14 09:05:01,SHIBUSDT,15m,51987648921.0,58429078812.0,-0.058337,0.0,4.66e-06
2026-08-14 09:05:03,UNIUSDT,15m,50808.23,33505.79,0.205214,0.001,3.237
2026-08-14 09:05:04,ATOMUSDT,15m,59045.55,49222.28,0.090731,0.001,1.517
2026-08-14 09:05:05,SUIUSDT,15m,142473.3,261764.5,-0.295102,0.0001,0.6767
2026-08-14 09:05:07,INJUSDT,15m,18021.17,4464.75,0.602885,0.001,4.227
2026-08-14 09:05:08,ICPUSDT,15m,47192.78,34211.88,0.159461,0.001,2.2
2026-08-14 09:05:19,BTCUSDT,15m,1.9552,15.7684,-0.779369,0.01,62987.06
2026-08-14 09:05:27,SOLUSDT,15m,15583.265,14981.943,0.019673,0.01,75.62
2026-08-14 09:05:28,BNBUSDT,15m,98.417,100.739,-0.011659,0.01,606.57
2026-08-14 09:05:30,XRPUSDT,15m,778015.3,959728.3,-0.104568,0.0001,1.0054
2026-08-14 09:05:31,DOGEUSDT,15m,8998865.0,9404152.0,-0.022023,1e-05,0.06988
2026-08-14 09:05:32,ADAUSDT,15m,2328506.6,1222522.9,0.311454,0.0001,0.1801
2026-08-14 09:05:34,AVAXUSDT,15m,17655.41,13036.96,0.150476,0.001,6.425
2026-08-14 09:05:35,DOTUSDT,15m,585472.92,373296.09,0.221301,0.001,0.763
2026-08-14 09:05:36,LINKUSDT,15m,10552.37,11700.7,-0.051603,0.001,8.861
2026-08-14 09:05:38,NEARUSDT,15m,281633.3,297225.1,-0.026935,0.001,1.592
2026-08-14 09:05:39,LTCUSDT,15m,4998.973,3631.926,0.15839,0.01,43.96
2026-08-14 09:05:41,BCHUSDT,15m,994.025,1040.602,-0.022892,0.1,201.5
2026-08-14 09:05:42,APTUSDT,15m,473554.85,217619.21,0.370291,0.001,0.541
2026-08-14 09:05:43,TRXUSDT,15m,5690626.2,4446150.6,0.122768,0.0001,0.3322
2026-08-14 09:05:45,SHIBUSDT,15m,54728827703.0,55032729767.0,-0.002769,0.0,4.67e-06
2026-08-14 09:05:46,UNIUSDT,15m,52266.58,37482.0,0.164733,0.001,3.238
2026-08-14 09:05:48,ATOMUSDT,15m,59191.21,46588.52,0.119141,0.001,1.516
2026-08-14 09:05:49,SUIUSDT,15m,150410.3,234953.3,-0.219385,0.0001,0.677
2026-08-14 09:05:50,INJUSDT,15m,18706.45,1850.93,0.819925,0.001,4.237
2026-08-14 09:05:52,ICPUSDT,15m,44033.38,33523.61,0.13551,0.001,2.197
2026-08-14 09:06:03,BTCUSDT,15m,6.4459,5.29,0.098495,0.01,62984.01
2026-08-14 09:06:04,ETHUSDT,15m,67.9767,109.0238,-0.231904,0.01,1879.89
2026-08-14 09:06:06,SOLUSDT,15m,15165.689,15057.892,0.003567,0.01,75.63
2026-08-14 09:06:07,BNBUSDT,15m,112.082,181.495,-0.236439,0.01,606.58
2026-08-14 09:06:09,XRPUSDT,15m,776996.6,893456.0,-0.069717,0.0001,1.0055
2026-08-14 09:06:10,DOGEUSDT,15m,9103070.0,9484640.0,-0.020528,1e-05,0.06989
2026-08-14 09:06:11,ADAUSDT,15m,2265399.5,1237790.2,0.293335,0.0001,0.1801
2026-08-14 09:06:13,AVAXUSDT,15m,12229.54,13460.44,-0.047914,0.001,6.428
2026-08-14 09:06:14,DOTUSDT,15m,585920.32,379255.44,0.214121,0.001,0.763
2026-08-14 09:06:15,LINKUSDT,15m,11827.88,14084.67,-0.087093,0.001,8.856
2026-08-14 09:06:17,NEARUSDT,15m,292146.8,296692.9,-0.00772,0.001,1.592
2026-08-14 09:06:18,LTCUSDT,15m,4933.233,3861.684,0.121837,0.01,43.95
2026-08-14 09:06:19,BCHUSDT,15m,971.988,1034.195,-0.031008,0.1,201.5
2026-08-14 09:06:21,APTUSDT,15m,471483.69,226922.99,0.350169,0.001,0.541
2026-08-14 09:06:22,TRXUSDT,15m,5706006.5,4527747.0,0.115135,0.0001,0.3323
2026-08-14 09:06:23,SHIBUSDT,15m,53936658468.0,54628448548.0,-0.006372,0.0,4.67e-06
2026-08-14 09:06:25,UNIUSDT,15m,53527.87,38326.65,0.165492,0.001,3.237
2026-08-14 09:06:26,ATOMUSDT,15m,58979.85,45773.93,0.126066,0.001,1.516
2026-08-14 09:06:28,SUIUSDT,15m,165937.7,209335.8,-0.115644,0.0001,0.6769
2026-08-14 09:06:29,INJUSDT,15m,18265.83,2343.45,0.772583,0.001,4.234
2026-08-14 09:06:31,ICPUSDT,15m,45777.58,35034.25,0.132943,0.001,2.195
2026-08-14 09:06:42,BTCUSDT,15m,4.4852,7.2307,-0.234346,0.01,62978.52
2026-08-14 09:06:43,ETHUSDT,15m,19.1544,129.9924,-0.743147,0.01,1879.53
2026-08-14 09:06:45,SOLUSDT,15m,15211.065,13565.617,0.05718,0.01,75.59
2026-08-14 09:06:46,BNBUSDT,15m,103.81,163.686,-0.223839,0.01,606.41
2026-08-14 09:06:47,XRPUSDT,15m,786044.6,905872.2,-0.070824,0.0001,1.0052
2026-08-14 09:06:49,DOGEUSDT,15m,8781415.0,10012519.0,-0.065505,1e-05,0.06989
2026-08-14 09:06:50,ADAUSDT,15m,2324158.5,1241645.0,0.303582,0.0001,0.1801
2026-08-14 09:06:52,AVAXUSDT,15m,17437.65,14108.14,0.105545,0.001,6.427
2026-08-14 09:06:53,DOTUSDT,15m,636548.92,375454.16,0.257998,0.001,0.763
2026-08-14 09:06:54,LINKUSDT,15m,12123.17,11697.22,0.017882,0.001,8.856
2026-08-14 09:06:56,NEARUSDT,15m,281538.1,297191.5,-0.027048,0.001,1.592
2026-08-14 09:06:57,LTCUSDT,15m,4322.498,3352.367,0.126404,0.01,43.94
2026-08-14 09:06:58,BCHUSDT,15m,986.295,1020.88,-0.017231,0.1,201.5
2026-08-14 09:07:00,APTUSDT,15m,462793.42,242028.12,0.313222,0.001,0.541
2026-08-14 09:07:01,TRXUSDT,15m,5594845.4,4495799.7,0.108917,0.0001,0.3323
2026-08-14 09:07:02,SHIBUSDT,15m,52619901434.0,55428465562.0,-0.025994,0.0,4.67e-06
2026-08-14 09:07:04,UNIUSDT,15m,56459.55,37931.35,0.196292,0.001,3.237
2026-08-14 09:07:05,ATOMUSDT,15m,53448.57,46590.61,0.068553,0.001,1.515
2026-08-14 09:07:07,SUIUSDT,15m,232099.6,159760.1,0.184606,0.0001,0.6775
2026-08-14 09:07:08,INJUSDT,15m,17686.96,2587.52,0.744751,0.001,4.235
2026-08-14 09:07:09,ICPUSDT,15m,45979.65,34318.0,0.14523,0.001,2.195
2026-08-14 09:07:21,BTCUSDT,15m,10.6082,3.7638,0.476226,0.01,63018.83
2026-08-14 09:07:22,ETHUSDT,15m,60.4939,91.4022,-0.203483,0.01,1880.72
2026-08-14 09:07:24,SOLUSDT,15m,16276.563,14532.677,0.056603,0.01,75.64
2026-08-14 09:07:25,BNBUSDT,15m,238.23,61.663,0.588767,0.01,606.52
2026-08-14 09:07:26,XRPUSDT,15m,964512.5,850254.8,0.06296,0.0001,1.0055
2026-08-14 09:07:28,DOGEUSDT,15m,9028254.0,9409415.0,-0.020673,1e-05,0.06988
2026-08-14 09:07:29,ADAUSDT,15m,2382480.7,1329354.7,0.283721,0.0001,0.1801
2026-08-14 09:07:31,AVAXUSDT,15m,17782.32,16857.24,0.026706,0.001,6.43
2026-08-14 09:07:32,DOTUSDT,15m,641645.59,369435.97,0.269226,0.001,0.764
2026-08-14 09:07:33,LINKUSDT,15m,12217.03,12033.71,0.007559,0.001,8.857
2026-08-14 09:07:35,NEARUSDT,15m,303441.1,280682.7,0.038962,0.001,1.595
2026-08-14 09:07:36,LTCUSDT,15m,5080.07,3749.392,0.150709,0.01,43.99
2026-08-14 09:07:38,BCHUSDT,15m,1023.027,1038.988,-0.00774,0.1,201.5
2026-08-14 09:07:39,APTUSDT,15m,467236.44,240740.92,0.319919,0.001,0.541
2026-08-14 09:07:40,TRXUSDT,15m,5707107.2,4472344.6,0.1213,0.0001,0.3323
2026-08-14 09:07:42,SHIBUSDT,15m,52501513978.0,56676091441.0,-0.038237,0.0,4.66e-06
2026-08-14 09:07:43,UNIUSDT,15m,53190.76,38398.76,0.161503,0.001,3.237
2026-08-14 09:07:44,ATOMUSDT,15m,52746.99,48377.83,0.043206,0.001,1.515
2026-08-14 09:07:46,SUIUSDT,15m,156493.4,172701.0,-0.049234,0.0001,0.6781
2026-08-14 09:07:47,INJUSDT,15m,17426.13,4015.79,0.625426,0.001,4.239
2026-08-14 09:07:48,ICPUSDT,15m,44556.72,34354.9,0.129282,0.001,2.194
2026-08-14 09:08:00,BTCUSDT,15m,12.8798,1.0205,0.853164,0.01,63021.36
2026-08-14 09:08:01,ETHUSDT,15m,62.2917,75.3973,-0.095183,0.01,1880.85
2026-08-14 09:08:03,SOLUSDT,15m,16140.341,14397.687,0.057065,0.01,75.64
2026-08-14 09:08:04,BNBUSDT,15m,253.574,83.489,0.504609,0.01,606.62
2026-08-14 09:08:05,XRPUSDT,15m,963197.7,753681.7,0.122033,0.0001,1.0055
2026-08-14 09:08:07,DOGEUSDT,15m,8970200.0,9412993.0,-0.024087,1e-05,0.06989
2026-08-14 09:08:08,ADAUSDT,15m,2302070.8,1358232.6,0.257858,0.0001,0.18
2026-08-14 09:08:09,AVAXUSDT,15m,15762.57,14065.12,0.056909,0.001,6.431
2026-08-14 09:08:11,DOTUSDT,15m,641228.51,363054.59,0.276988,0.001,0.764
2026-08-14 09:08:12,LINKUSDT,15m,11023.77,10058.33,0.045794,0.001,8.849
2026-08-14 09:08:13,NEARUSDT,15m,302248.8,280335.6,0.037614,0.001,1.594
2026-08-14 09:08:15,LTCUSDT,15m,5621.476,4063.72,0.160839,0.01,43.95
2026-08-14 09:08:16,BCHUSDT,15m,1041.354,1010.136,0.015217,0.1,201.6
2026-08-14 09:08:17,APTUSDT,15m,466662.48,240220.75,0.320338,0.001,0.54
2026-08-14 09:08:19,TRXUSDT,15m,5717172.9,4471913.0,0.122215,0.0001,0.3323
2026-08-14 09:08:20,SHIBUSDT,15m,52566665103.0,57095506512.0,-0.041298,0.0,4.67e-06
2026-08-14 09:08:21,UNIUSDT,15m,51927.07,36765.66,0.170943,0.001,3.232
2026-08-14 09:08:23,ATOMUSDT,15m,52831.44,45043.41,0.079571,0.001,1.516
2026-08-14 09:08:24,SUIUSDT,15m,167229.7,212179.9,-0.118474,0.0001,0.6779
2026-08-14 09:08:25,INJUSDT,15m,19078.93,4911.64,0.590536,0.001,4.232
2026-08-14 09:08:27,ICPUSDT,15m,47095.03,33303.09,0.171546,0.001,2.194
2026-08-14 09:08:38,BTCUSDT,15m,4.1753,6.8195,-0.240498,0.01,63027.47
2026-08-14 09:08:39,ETHUSDT,15m,132.7526,52.9432,0.429786,0.01,1880.87
2026-08-14 09:08:41,SOLUSDT,15m,15411.364,14722.451,0.022862,0.01,75.63
2026-08-14 09:08:42,BNBUSDT,15m,184.991,134.382,0.158464,0.01,606.89
2026-08-14 09:08:43,XRPUSDT,15m,825926.3,692279.2,0.08803,0.0001,1.0051
2026-08-14 09:08:45,DOGEUSDT,15m,8742018.0,9584330.0,-0.045962,1e-05,0.06986
2026-08-14 09:08:46,ADAUSDT,15m,2238208.1,1352532.1,0.246656,0.0001,0.18
2026-08-14 09:08:48,AVAXUSDT,15m,16458.7,14076.05,0.078031,0.001,6.427
2026-08-14 09:08:49,DOTUSDT,15m,641340.32,342090.43,0.304292,0.001,0.763
2026-08-14 09:08:51,LINKUSDT,15m,10507.78,10606.02,-0.004653,0.001,8.84
2026-08-14 09:08:52,NEARUSDT,15m,281040.6,288857.9,-0.013717,0.001,1.591
2026-08-14 09:08:53,LTCUSDT,15m,5230.205,4165.763,0.113287,0.01,43.94
2026-08-14 09:08:55,BCHUSDT,15m,1002.579,1020.251,-0.008736,0.1,201.4
2026-08-14 09:08:56,APTUSDT,15m,474735.82,235710.84,0.336443,0.001,0.54
2026-08-14 09:08:58,TRXUSDT,15m,5718105.3,4468148.8,0.12271,0.0001,0.3322
2026-08-14 09:08:59,SHIBUSDT,15m,52383905440.0,57150078728.0,-0.043513,0.0,4.65e-06
2026-08-14 09:09:00,UNIUSDT,15m,46845.59,39467.31,0.085483,0.001,3.231
2026-08-14 09:09:02,ATOMUSDT,15m,55907.79,44975.67,0.108364,0.001,1.516
2026-08-14 09:09:03,SUIUSDT,15m,174284.0,181715.1,-0.020874,0.0001,0.678
2026-08-14 09:09:04,INJUSDT,15m,18410.9,4598.86,0.600269,0.001,4.228
2026-08-14 09:09:06,ICPUSDT,15m,47379.62,34053.7,0.163642,0.001,2.196
2026-08-14 09:09:18,BTCUSDT,15m,3.7496,13.7103,-0.570487,0.01,63030.12
2026-08-14 09:09:19,ETHUSDT,15m,17.2026,197.4672,-0.83973,0.01,1881.07
2026-08-14 09:09:23,SOLUSDT,15m,16111.323,14950.933,0.037357,0.01,75.64
2026-08-14 09:09:25,BNBUSDT,15m,83.992,154.335,-0.295153,0.01,606.43
2026-08-14 09:09:27,XRPUSDT,15m,827589.0,849863.0,-0.013278,0.0001,1.0053
2026-08-14 09:09:29,DOGEUSDT,15m,9741157.0,9734113.0,0.000362,1e-05,0.06989
2026-08-14 09:09:32,ADAUSDT,15m,2209570.1,1309117.9,0.255906,0.0001,0.1801
2026-08-14 09:09:33,AVAXUSDT,15m,17540.83,13325.13,0.136581,0.001,6.427
2026-08-14 09:09:35,DOTUSDT,15m,641344.95,358327.35,0.28311,0.001,0.763
2026-08-14 09:09:36,LINKUSDT,15m,11488.1,11610.17,-0.005285,0.001,8.837
2026-08-14 09:09:37,NEARUSDT,15m,278333.3,290078.6,-0.020663,0.001,1.591
2026-08-14 09:09:39,LTCUSDT,15m,5409.669,4350.56,0.108513,0.01,43.95
2026-08-14 09:09:40,BCHUSDT,15m,1075.649,998.842,0.037025,0.1,201.8
2026-08-14 09:09:41,APTUSDT,15m,473916.07,217877.2,0.370109,0.001,0.541
2026-08-14 09:09:43,TRXUSDT,15m,5766631.2,4540990.5,0.118906,0.0001,0.3322
2026-08-14 09:09:44,SHIBUSDT,15m,55723503002.0,56417260981.0,-0.006186,0.0,4.66e-06
2026-08-14 09:09:46,UNIUSDT,15m,50691.44,42868.03,0.08362,0.001,3.229
2026-08-14 09:09:47,ATOMUSDT,15m,55861.98,45254.4,0.104905,0.001,1.516
2026-08-14 09:09:48,SUIUSDT,15m,182500.6,140092.5,0.13146,0.0001,0.6787
2026-08-14 09:09:50,INJUSDT,15m,17113.07,3645.96,0.648735,0.001,4.222
2026-08-14 09:09:51,ICPUSDT,15m,46214.51,32481.5,0.174507,0.001,2.196
2026-08-14 09:10:02,BTCUSDT,15m,15.6811,0.2663,0.9666,0.01,63025.27
2026-08-14 09:10:04,ETHUSDT,15m,97.2608,51.8641,0.304421,0.01,1880.79
2026-08-14 09:10:05,SOLUSDT,15m,16167.221,15033.835,0.036325,0.01,75.63
2026-08-14 09:10:06,BNBUSDT,15m,153.66,73.494,0.352915,0.01,606.49
2026-08-14 09:10:08,XRPUSDT,15m,854650.8,1070762.1,-0.112242,0.0001,1.0057
2026-08-14 09:10:09,DOGEUSDT,15m,9393006.0,9453092.0,-0.003188,1e-05,0.06991
2026-08-14 09:10:11,ADAUSDT,15m,2247783.8,1332202.3,0.25575,0.0001,0.1801
2026-08-14 09:10:12,AVAXUSDT,15m,19041.58,16074.3,0.0845,0.001,6.427
2026-08-14 09:10:13,DOTUSDT,15m,642657.6,358472.22,0.283865,0.001,0.764
2026-08-14 09:10:15,LINKUSDT,15m,11231.41,12265.02,-0.04399,0.001,8.832
2026-08-14 09:10:16,NEARUSDT,15m,277950.7,283248.8,-0.009441,0.001,1.592
2026-08-14 09:10:17,LTCUSDT,15m,5598.753,4927.622,0.063757,0.01,43.96
2026-08-14 09:10:19,BCHUSDT,15m,1291.452,1002.334,0.126044,0.1,201.6
2026-08-14 09:10:20,APTUSDT,15m,469147.1,235593.88,0.331403,0.001,0.54
2026-08-14 09:10:21,TRXUSDT,15m,5709247.7,4601628.7,0.107422,0.0001,0.3322
2026-08-14 09:10:23,SHIBUSDT,15m,54920672742.0,56905767644.0,-0.017752,0.0,4.67e-06
2026-08-14 09:10:24,UNIUSDT,15m,52143.97,36668.76,0.174245,0.001,3.231
2026-08-14 09:10:25,ATOMUSDT,15m,53641.44,45356.0,0.083693,0.001,1.517
2026-08-14 09:10:27,SUIUSDT,15m,262296.7,151369.8,0.268155,0.0001,0.6787
2026-08-14 09:10:28,INJUSDT,15m,15335.2,3090.35,0.664558,0.001,4.221
2026-08-14 09:10:29,ICPUSDT,15m,45526.89,34100.57,0.143497,0.001,2.196
2026-08-14 09:10:41,BTCUSDT,15m,13.3865,0.6228,0.911093,0.01,63057.93
2026-08-14 09:10:42,ETHUSDT,15m,109.8799,22.509,0.659956,0.01,1881.76
2026-08-14 09:10:43,SOLUSDT,15m,15991.004,12854.593,0.108731,0.01,75.68
2026-08-14 09:10:45,BNBUSDT,15m,290.945,76.031,0.585635,0.01,606.62
2026-08-14 09:10:46,XRPUSDT,15m,917417.4,1104700.7,-0.092617,0.0001,1.0066
2026-08-14 09:10:47,DOGEUSDT,15m,9938401.0,8949038.0,0.052382,1e-05,0.06993
2026-08-14 09:10:49,ADAUSDT,15m,2254203.4,1320855.5,0.261072,0.0001,0.1802
2026-08-14 09:10:50,AVAXUSDT,15m,16443.32,15600.96,0.026287,0.001,6.434
2026-08-14 09:10:51,DOTUSDT,15m,636106.71,339527.69,0.303986,0.001,0.764
2026-08-14 09:10:53,LINKUSDT,15m,13323.1,10424.68,0.12205,0.001,8.838
2026-08-14 09:10:54,NEARUSDT,15m,314592.4,268657.9,0.078756,0.001,1.593
2026-08-14 09:10:55,LTCUSDT,15m,5703.137,4842.22,0.081639,0.01,43.96
2026-08-14 09:10:57,BCHUSDT,15m,1091.667,931.846,0.078982,0.1,201.7
2026-08-14 09:10:58,APTUSDT,15m,480821.01,217048.33,0.377969,0.001,0.541
2026-08-14 09:10:59,TRXUSDT,15m,5696071.5,4598914.4,0.106572,0.0001,0.3323
2026-08-14 09:11:01,SHIBUSDT,15m,53560204247.0,57729366786.0,-0.037462,0.0,4.67e-06
2026-08-14 09:11:02,UNIUSDT,15m,43760.24,38328.52,0.066169,0.001,3.232
2026-08-14 09:11:03,ATOMUSDT,15m,58547.13,45901.38,0.121072,0.001,1.52
2026-08-14 09:11:05,SUIUSDT,15m,190573.1,142463.6,0.144457,0.0001,0.679
2026-08-14 09:11:06,INJUSDT,15m,14297.14,6594.04,0.368725,0.001,4.224
2026-08-14 09:11:08,ICPUSDT,15m,46603.36,33948.75,0.157098,0.001,2.195
2026-08-14 09:11:19,BTCUSDT,15m,11.1454,5.8921,0.308332,0.01,63077.91
2026-08-14 09:11:20,ETHUSDT,15m,124.6185,88.1059,0.171643,0.01,1882.59
2026-08-14 09:11:22,SOLUSDT,15m,15001.346,14071.48,0.031984,0.01,75.7
2026-08-14 09:11:23,BNBUSDT,15m,153.172,63.157,0.416102,0.01,606.68
2026-08-14 09:11:24,XRPUSDT,15m,805614.6,897838.2,-0.054139,0.0001,1.0065
2026-08-14 09:11:26,DOGEUSDT,15m,10041325.0,8879486.0,0.061405,1e-05,0.06994
2026-08-14 09:11:27,ADAUSDT,15m,2182266.7,1322258.2,0.245399,0.0001,0.1803
2026-08-14 09:11:28,AVAXUSDT,15m,16593.26,16662.94,-0.002095,0.001,6.435
2026-08-14 09:11:30,DOTUSDT,15m,593353.05,355629.42,0.250504,0.001,0.764
2026-08-14 09:11:31,LINKUSDT,15m,13251.19,10167.84,0.13166,0.001,8.842
2026-08-14 09:11:33,NEARUSDT,15m,288847.6,287854.5,0.001722,0.001,1.593
2026-08-14 09:11:34,LTCUSDT,15m,5704.636,4450.1,0.123542,0.01,43.96
2026-08-14 09:11:35,BCHUSDT,15m,1340.11,1021.529,0.134898,0.1,201.7
2026-08-14 09:11:37,APTUSDT,15m,474832.49,224247.92,0.358449,0.001,0.541
2026-08-14 09:11:38,TRXUSDT,15m,5693454.5,4544542.3,0.11222,0.0001,0.3322
2026-08-14 09:11:39,SHIBUSDT,15m,56192678395.0,57890066412.0,-0.014879,0.0,4.66e-06
2026-08-14 09:11:41,UNIUSDT,15m,48342.15,41399.45,0.077363,0.001,3.23
2026-08-14 09:11:42,ATOMUSDT,15m,58023.94,45806.06,0.117672,0.001,1.52
2026-08-14 09:11:44,SUIUSDT,15m,199789.0,136151.6,0.189431,0.0001,0.6792
2026-08-14 09:11:45,INJUSDT,15m,16697.25,5150.95,0.528478,0.001,4.222
2026-08-14 09:11:47,ICPUSDT,15m,45774.36,35242.15,0.130001,0.001,2.194
2026-08-14 09:11:58,BTCUSDT,15m,4.8051,4.4423,0.039235,0.01,63086.01
2026-08-14 09:11:59,ETHUSDT,15m,33.246,165.8176,-0.665976,0.01,1882.17
2026-08-14 09:12:01,SOLUSDT,15m,14215.511,13199.97,0.037043,0.01,75.67
2026-08-14 09:12:02,BNBUSDT,15m,169.047,72.011,0.402542,0.01,606.68
2026-08-14 09:12:05,XRPUSDT,15m,801382.6,1017852.9,-0.11899,0.0001,1.0063
2026-08-14 09:12:07,DOGEUSDT,15m,9870923.0,8965396.0,0.048073,1e-05,0.06989
2026-08-14 09:12:09,ADAUSDT,15m,2237047.8,1385110.3,0.235202,0.0001,0.1802
2026-08-14 09:12:12,AVAXUSDT,15m,17212.39,15997.11,0.036594,0.001,6.437
2026-08-14 09:12:15,DOTUSDT,15m,592966.44,378889.22,0.220277,0.001,0.764
2026-08-14 09:12:17,LINKUSDT,15m,13146.09,9803.79,0.145635,0.001,8.843
2026-08-14 09:12:19,NEARUSDT,15m,288956.2,276234.0,0.02251,0.001,1.594
2026-08-14 09:12:20,LTCUSDT,15m,5673.0,4491.413,0.116247,0.01,43.94
2026-08-14 09:12:22,BCHUSDT,15m,1071.437,1016.163,0.026477,0.1,201.7
2026-08-14 09:12:23,APTUSDT,15m,477622.43,223565.99,0.362323,0.001,0.541
2026-08-14 09:12:24,TRXUSDT,15m,5699782.4,4541411.1,0.113109,0.0001,0.3323
2026-08-14 09:12:26,SHIBUSDT,15m,57117512858.0,56739115408.0,0.003323,0.0,4.66e-06
2026-08-14 09:12:27,UNIUSDT,15m,46745.13,41223.13,0.062773,0.001,3.23
2026-08-14 09:12:28,ATOMUSDT,15m,58465.57,46180.33,0.117398,0.001,1.52
2026-08-14 09:12:30,SUIUSDT,15m,221210.9,139076.1,0.22797,0.0001,0.6793
2026-08-14 09:12:31,INJUSDT,15m,14501.09,4732.94,0.507858,0.001,4.226
2026-08-14 09:12:32,ICPUSDT,15m,47005.37,34959.92,0.146958,0.001,2.193
2026-08-14 09:12:44,BTCUSDT,15m,9.8238,1.144,0.791385,0.01,63100.0
2026-08-14 09:12:45,ETHUSDT,15m,133.5008,66.7396,0.333405,0.01,1882.42
2026-08-14 09:12:46,SOLUSDT,15m,15543.517,14396.113,0.038324,0.01,75.71
2026-08-14 09:12:48,BNBUSDT,15m,217.886,91.923,0.406583,0.01,606.56
2026-08-14 09:12:49,XRPUSDT,15m,946522.2,984769.3,-0.019804,0.0001,1.0064
2026-08-14 09:12:51,DOGEUSDT,15m,10303194.0,8868652.0,0.074825,1e-05,0.06992
2026-08-14 09:12:52,ADAUSDT,15m,2312907.3,1256210.0,0.296067,0.0001,0.1805
2026-08-14 09:12:53,AVAXUSDT,15m,20572.05,14226.19,0.182362,0.001,6.438
2026-08-14 09:12:55,DOTUSDT,15m,594494.3,353442.8,0.254291,0.001,0.764
2026-08-14 09:12:56,LINKUSDT,15m,12732.93,10603.73,0.091238,0.001,8.846
2026-08-14 09:12:57,NEARUSDT,15m,288790.1,272808.5,0.028457,0.001,1.594
2026-08-14 09:12:59,LTCUSDT,15m,5584.265,4470.479,0.110772,0.01,43.95
2026-08-14 09:13:00,BCHUSDT,15m,1076.284,1007.801,0.03286,0.1,201.8
2026-08-14 09:13:01,APTUSDT,15m,478822.91,217586.76,0.375118,0.001,0.541
2026-08-14 09:13:03,TRXUSDT,15m,5681233.3,4539938.2,0.11166,0.0001,0.3323
2026-08-14 09:13:04,SHIBUSDT,15m,57126340044.0,56906171147.0,0.001931,0.0,4.67e-06
2026-08-14 09:13:06,UNIUSDT,15m,40718.48,43317.46,-0.030927,0.001,3.228
2026-08-14 09:13:07,ATOMUSDT,15m,51893.63,45260.88,0.06827,0.001,1.519
2026-08-14 09:13:08,SUIUSDT,15m,267406.2,178054.9,0.200582,0.0001,0.6794
2026-08-14 09:13:10,INJUSDT,15m,17567.34,4534.75,0.589654,0.001,4.222
2026-08-14 09:13:11,ICPUSDT,15m,47120.6,34912.54,0.148819,0.001,2.193
2026-08-14 09:13:22,BTCUSDT,15m,3.3038,11.7494,-0.561046,0.01,63048.26
2026-08-14 09:13:24,ETHUSDT,15m,9.1357,202.3795,-0.913617,0.01,1880.92
2026-08-14 09:13:25,SOLUSDT,15m,15434.124,14821.685,0.020242,0.01,75.65
2026-08-14 09:13:26,BNBUSDT,15m,68.215,193.855,-0.479414,0.01,606.66
2026-08-14 09:13:28,XRPUSDT,15m,930887.2,893237.0,0.02064,0.0001,1.006
2026-08-14 09:13:29,DOGEUSDT,15m,9874542.0,9342124.0,0.027706,1e-05,0.0699
2026-08-14 09:13:30,ADAUSDT,15m,2242212.3,1405923.6,0.229237,0.0001,0.1802
2026-08-14 09:13:32,AVAXUSDT,15m,15769.63,13636.62,0.072536,0.001,6.433
2026-08-14 09:13:33,DOTUSDT,15m,573846.97,357065.87,0.232869,0.001,0.764
2026-08-14 09:13:34,LINKUSDT,15m,10747.35,9286.78,0.072904,0.001,8.833
2026-08-14 09:13:36,NEARUSDT,15m,277395.0,289169.0,-0.020781,0.001,1.593
2026-08-14 09:13:37,LTCUSDT,15m,5462.055,4643.599,0.08099,0.01,43.94
2026-08-14 09:13:39,BCHUSDT,15m,1066.576,1008.482,0.027996,0.1,201.7
2026-08-14 09:13:40,APTUSDT,15m,475657.31,223102.68,0.361433,0.001,0.541
2026-08-14 09:13:41,TRXUSDT,15m,5628591.2,4592160.8,0.101405,0.0001,0.3323
2026-08-14 09:13:43,SHIBUSDT,15m,49977636087.0,57948829585.0,-0.073858,0.0,4.65e-06
2026-08-14 09:13:44,UNIUSDT,15m,49348.02,41659.56,0.084482,0.001,3.226
2026-08-14 09:13:45,ATOMUSDT,15m,55890.7,46593.52,0.090718,0.001,1.519
2026-08-14 09:13:47,SUIUSDT,15m,246664.7,169843.0,0.184442,0.0001,0.6794
2026-08-14 09:13:48,INJUSDT,15m,17523.51,4875.27,0.564684,0.001,4.231
2026-08-14 09:13:49,ICPUSDT,15m,47194.98,34653.32,0.153231,0.001,2.193
2026-08-14 09:14:01,BTCUSDT,15m,5.3139,1.6154,0.533754,0.01,63035.52
2026-08-14 09:14:02,ETHUSDT,15m,29.3133,156.8478,-0.685076,0.01,1880.8
2026-08-14 09:14:05,SOLUSDT,15m,17175.419,14526.423,0.08356,0.01,75.66
2026-08-14 09:14:09,BNBUSDT,15m,185.236,64.253,0.484923,0.01,606.75
2026-08-14 09:14:11,XRPUSDT,15m,975218.5,890692.8,0.0453,0.0001,1.006
2026-08-14 09:14:14,DOGEUSDT,15m,10527456.0,8911067.0,0.083154,1e-05,0.06989
2026-08-14 09:14:18,ADAUSDT,15m,2211002.0,1433129.7,0.213459,0.0001,0.1802
2026-08-14 09:14:21,AVAXUSDT,15m,16995.74,16369.54,0.018768,0.001,6.435
2026-08-14 09:14:22,DOTUSDT,15m,574263.14,351257.55,0.240951,0.001,0.764
2026-08-14 09:14:24,LINKUSDT,15m,13194.0,9633.14,0.155992,0.001,8.838
2026-08-14 09:14:26,NEARUSDT,15m,285456.1,282467.7,0.005262,0.001,1.592
2026-08-14 09:14:28,LTCUSDT,15m,5458.432,4473.333,0.099187,0.01,43.95
2026-08-14 09:14:30,BCHUSDT,15m,1165.163,989.896,0.081328,0.1,201.8
2026-08-14 09:14:33,APTUSDT,15m,481908.27,223452.41,0.366417,0.001,0.541
2026-08-14 09:14:36,TRXUSDT,15m,5615205.2,4587240.6,0.100757,0.0001,0.3323
2026-08-14 09:14:37,SHIBUSDT,15m,49403151227.0,56469970688.0,-0.066748,0.0,4.65e-06
2026-08-14 09:14:39,UNIUSDT,15m,52740.86,38513.38,0.15591,0.001,3.227
2026-08-14 09:14:41,ATOMUSDT,15m,56939.69,46401.63,0.101973,0.001,1.519
2026-08-14 09:14:42,SUIUSDT,15m,273224.7,138750.4,0.326414,0.0001,0.6797
2026-08-14 09:14:45,INJUSDT,15m,15429.97,5253.22,0.49203,0.001,4.251
2026-08-14 09:14:48,ICPUSDT,15m,48216.39,35559.86,0.151075,0.001,2.194
2026-08-14 09:15:00,BTCUSDT,15m,4.4874,10.3044,-0.393255,0.01,63043.3
2026-08-14 09:15:02,ETHUSDT,15m,63.6798,130.5969,-0.344442,0.01,1881.11
2026-08-14 09:15:04,SOLUSDT,15m,15024.489,14396.951,0.021329,0.01,75.65
2026-08-14 09:15:05,BNBUSDT,15m,89.809,138.493,-0.213244,0.01,606.81
2026-08-14 09:15:06,XRPUSDT,15m,962743.9,960111.4,0.001369,0.0001,1.0059
2026-08-14 09:15:08,DOGEUSDT,15m,10719965.0,9040378.0,0.084998,1e-05,0.06992
2026-08-14 09:15:09,ADAUSDT,15m,2137523.5,1411689.0,0.204506,0.0001,0.1801
2026-08-14 09:15:12,AVAXUSDT,15m,16697.23,13431.03,0.10841,0.001,6.436
2026-08-14 09:15:14,DOTUSDT,15m,582857.89,350296.35,0.249221,0.001,0.763
2026-08-14 09:15:17,LINKUSDT,15m,12933.2,10113.99,0.122323,0.001,8.844
2026-08-14 09:15:19,NEARUSDT,15m,279154.2,287234.8,-0.014267,0.001,1.592
2026-08-14 09:15:21,LTCUSDT,15m,5290.499,4510.488,0.079585,0.01,43.95
2026-08-14 09:15:23,BCHUSDT,15m,1170.9,988.745,0.084345,0.1,201.9
2026-08-14 09:15:26,APTUSDT,15m,471255.0,216042.13,0.371328,0.001,0.541
2026-08-14 09:15:28,TRXUSDT,15m,5484042.7,4474595.2,0.101364,0.0001,0.3323
2026-08-14 09:15:30,SHIBUSDT,15m,48277141141.0,57067280362.0,-0.083442,0.0,4.64e-06
2026-08-14 09:15:31,UNIUSDT,15m,45072.64,42269.33,0.032096,0.001,3.224
2026-08-14 09:15:35,ATOMUSDT,15m,58160.05,45461.58,0.122547,0.001,1.519
2026-08-14 09:15:37,SUIUSDT,15m,306870.9,155818.1,0.326467,0.0001,0.6796
2026-08-14 09:15:38,INJUSDT,15m,15416.44,8000.0,0.316719,0.001,4.24
2026-08-14 09:15:41,ICPUSDT,15m,48674.15,35154.89,0.161272,0.001,2.193
2026-08-14 09:15:52,BTCUSDT,15m,5.2225,9.1125,-0.271369,0.01,63035.52
2026-08-14 09:15:54,ETHUSDT,15m,133.0505,76.7171,0.268551,0.01,1880.79
2026-08-14 09:15:56,SOLUSDT,15m,17009.307,14550.17,0.077921,0.01,75.65
2026-08-14 09:15:58,BNBUSDT,15m,183.598,93.136,0.326892,0.01,606.43
2026-08-14 09:16:00,XRPUSDT,15m,982548.4,692700.7,0.173018,0.0001,1.0056
2026-08-14 09:16:01,DOGEUSDT,15m,10601615.0,9136020.0,0.074254,1e-05,0.0699
2026-08-14 09:16:03,ADAUSDT,15m,2171935.6,1445511.2,0.200811,0.0001,0.1801
2026-08-14 09:16:05,AVAXUSDT,15m,18277.27,17064.41,0.034318,0.001,6.437
2026-08-14 09:16:07,DOTUSDT,15m,586322.14,351686.69,0.250142,0.001,0.763
2026-08-14 09:16:08,LINKUSDT,15m,13358.35,9395.09,0.174183,0.001,8.842
2026-08-14 09:16:10,NEARUSDT,15m,286712.5,287928.2,-0.002116,0.001,1.592
2026-08-14 09:16:12,LTCUSDT,15m,5347.797,4660.693,0.068652,0.01,43.94
2026-08-14 09:16:14,BCHUSDT,15m,1145.961,1035.374,0.050697,0.1,202.1
2026-08-14 09:16:16,APTUSDT,15m,464422.51,211355.52,0.374482,0.001,0.54
2026-08-14 09:16:18,TRXUSDT,15m,5719250.5,4421868.3,0.127933,0.0001,0.3323
2026-08-14 09:16:20,SHIBUSDT,15m,49765196081.0,56050805836.0,-0.059401,0.0,4.64e-06
2026-08-14 09:16:22,UNIUSDT,15m,47024.18,46695.12,0.003511,0.001,3.225
2026-08-14 09:16:23,ATOMUSDT,15m,58159.25,46354.46,0.11295,0.001,1.517
2026-08-14 09:16:24,SUIUSDT,15m,316978.8,158260.4,0.333976,0.0001,0.6797
2026-08-14 09:16:27,INJUSDT,15m,18680.76,7320.03,0.436938,0.001,4.231
2026-08-14 09:16:28,ICPUSDT,15m,47646.78,35774.64,0.142315,0.001,2.193
2026-08-14 09:16:40,BTCUSDT,15m,8.29,6.1674,0.146818,0.01,63045.21
2026-08-14 09:16:41,ETHUSDT,15m,128.7239,72.4912,0.279466,0.01,1880.8
2026-08-14 09:16:43,SOLUSDT,15m,17738.475,14514.311,0.099965,0.01,75.66
2026-08-14 09:16:44,BNBUSDT,15m,148.199,130.932,0.06186,0.01,606.49
2026-08-14 09:16:45,XRPUSDT,15m,888693.7,837770.2,0.029496,0.0001,1.0058
2026-08-14 09:16:47,DOGEUSDT,15m,10929641.0,8878438.0,0.103554,1e-05,0.06991
2026-08-14 09:16:48,ADAUSDT,15m,2220336.2,1442340.6,0.212412,0.0001,0.18
2026-08-14 09:16:49,AVAXUSDT,15m,13146.7,12914.83,0.008897,0.001,6.441
2026-08-14 09:16:51,DOTUSDT,15m,584795.8,349348.18,0.252046,0.001,0.763
2026-08-14 09:16:52,LINKUSDT,15m,12455.15,9943.01,0.112158,0.001,8.84
2026-08-14 09:16:53,NEARUSDT,15m,311734.4,269544.4,0.072581,0.001,1.595
2026-08-14 09:16:55,LTCUSDT,15m,4874.688,4625.505,0.026229,0.01,43.92
2026-08-14 09:16:56,BCHUSDT,15m,1144.116,1027.386,0.053755,0.1,202.3
2026-08-14 09:16:58,APTUSDT,15m,470038.54,211924.45,0.378487,0.001,0.54
2026-08-14 09:16:59,TRXUSDT,15m,5621997.5,4419641.8,0.119737,0.0001,0.3322
2026-08-14 09:17:00,SHIBUSDT,15m,51181686543.0,55298377509.0,-0.038662,0.0,4.63e-06
2026-08-14 09:17:02,UNIUSDT,15m,51458.54,43567.0,0.083047,0.001,3.224
2026-08-14 09:17:03,ATOMUSDT,15m,55072.15,43096.03,0.121996,0.001,1.518
2026-08-14 09:17:04,SUIUSDT,15m,321070.5,139611.9,0.393891,0.0001,0.6801
2026-08-14 09:17:06,INJUSDT,15m,16161.2,7546.65,0.363363,0.001,4.227
2026-08-14 09:17:07,ICPUSDT,15m,40275.34,26305.98,0.209809,0.001,2.2
2026-08-14 09:17:19,BTCUSDT,15m,1.9069,16.1996,-0.789368,0.01,63060.01
2026-08-14 09:17:20,ETHUSDT,15m,26.9262,218.814,-0.780856,0.01,1881.61
2026-08-14 09:17:21,SOLUSDT,15m,16094.348,14462.509,0.053403,0.01,75.67
2026-08-14 09:17:23,BNBUSDT,15m,108.7,161.12,-0.194278,0.01,606.37
2026-08-14 09:17:25,XRPUSDT,15m,1064046.4,878935.6,0.095271,0.0001,1.0059
2026-08-14 09:17:26,DOGEUSDT,15m,10995446.0,8805784.0,0.110582,1e-05,0.06993
2026-08-14 09:17:27,ADAUSDT,15m,2283122.5,1422637.7,0.232202,0.0001,0.18
2026-08-14 09:17:29,AVAXUSDT,15m,17586.69,18222.18,-0.017747,0.001,6.448
2026-08-14 09:17:30,DOTUSDT,15m,592377.19,345327.55,0.263462,0.001,0.763
2026-08-14 09:17:31,LINKUSDT,15m,13995.22,8919.18,0.221522,0.001,8.843
2026-08-14 09:17:33,NEARUSDT,15m,278115.3,289957.5,-0.020846,0.001,1.594
2026-08-14 09:17:34,LTCUSDT,15m,4949.757,4818.019,0.013487,0.01,43.92
2026-08-14 09:17:35,BCHUSDT,15m,1121.056,1023.796,0.045346,0.1,202.3
2026-08-14 09:17:37,APTUSDT,15m,480863.73,214932.84,0.382196,0.001,0.541
2026-08-14 09:17:38,TRXUSDT,15m,5668548.2,4432121.9,0.12241,0.0001,0.3323
2026-08-14 09:17:39,SHIBUSDT,15m,56255259892.0,50094318111.0,0.057931,0.0,4.65e-06
2026-08-14 09:17:41,UNIUSDT,15m,49617.54,42664.39,0.075347,0.001,3.224
2026-08-14 09:17:44,ATOMUSDT,15m,55432.67,42473.77,0.13236,0.001,1.519
2026-08-14 09:17:45,SUIUSDT,15m,328959.5,141257.7,0.399181,0.0001,0.6801
2026-08-14 09:17:47,INJUSDT,15m,15580.62,4366.48,0.562194,0.001,4.235
2026-08-14 09:17:48,ICPUSDT,15m,42400.41,25726.22,0.244753,0.001,2.202
2026-08-14 09:18:00,BTCUSDT,15m,6.0541,7.3789,-0.098622,0.01,63070.34
2026-08-14 09:18:01,ETHUSDT,15m,84.3021,71.6243,0.081306,0.01,1882.05
2026-08-14 09:18:03,SOLUSDT,15m,15463.033,14939.736,0.017212,0.01,75.68
2026-08-14 09:18:04,BNBUSDT,15m,274.23,109.54,0.429137,0.01,606.49
2026-08-14 09:18:05,XRPUSDT,15m,1041347.4,864175.8,0.092978,0.0001,1.0061
2026-08-14 09:18:07,DOGEUSDT,15m,10949392.0,9333603.0,0.079662,1e-05,0.06995
2026-08-14 09:18:08,ADAUSDT,15m,2302707.2,1371810.7,0.253338,0.0001,0.1801
2026-08-14 09:18:09,AVAXUSDT,15m,19664.2,16094.69,0.099822,0.001,6.447
2026-08-14 09:18:11,DOTUSDT,15m,591589.01,344296.59,0.264234,0.001,0.763
2026-08-14 09:18:12,LINKUSDT,15m,13350.64,10887.13,0.101639,0.001,8.85
2026-08-14 09:18:13,NEARUSDT,15m,279015.8,288700.7,-0.017059,0.001,1.595
2026-08-14 09:18:15,LTCUSDT,15m,5216.721,4680.172,0.054214,0.01,43.94
2026-08-14 09:18:16,BCHUSDT,15m,1164.296,1027.674,0.062328,0.1,202.3
2026-08-14 09:18:17,APTUSDT,15m,481605.33,213631.29,0.385443,0.001,0.541
2026-08-14 09:18:19,TRXUSDT,15m,5667830.1,4432920.6,0.122259,0.0001,0.3322
2026-08-14 09:18:24,SHIBUSDT,15m,53284410658.0,50984402106.0,0.022058,0.0,4.66e-06
2026-08-14 09:18:26,UNIUSDT,15m,51932.95,40889.77,0.118971,0.001,3.227
2026-08-14 09:18:28,ATOMUSDT,15m,55804.28,44383.88,0.11399,0.001,1.519
2026-08-14 09:18:30,SUIUSDT,15m,321345.7,142089.4,0.386799,0.0001,0.6804
2026-08-14 09:18:36,INJUSDT,15m,26060.29,4496.92,0.705672,0.001,4.236
2026-08-14 09:18:40,ICPUSDT,15m,44624.47,19714.84,0.38716,0.001,2.201
2026-08-14 09:18:52,BTCUSDT,15m,1.8589,15.9718,-0.791495,0.01,63060.0
2026-08-14 09:18:55,ETHUSDT,15m,25.5095,141.7081,-0.694895,0.01,1881.46
2026-08-14 09:18:59,SOLUSDT,15m,14658.63,15541.984,-0.02925,0.01,75.64
2026-08-14 09:19:01,BNBUSDT,15m,147.572,132.733,0.052939,0.01,606.52
2026-08-14 09:19:06,XRPUSDT,15m,924690.6,870431.9,0.030226,0.0001,1.0056
2026-08-14 09:19:08,DOGEUSDT,15m,10622592.0,9276467.0,0.067648,1e-05,0.06991
2026-08-14 09:19:11,ADAUSDT,15m,2248994.6,1444857.4,0.217696,0.0001,0.1801
2026-08-14 09:19:13,AVAXUSDT,15m,18344.48,16282.29,0.059555,0.001,6.436
2026-08-14 09:19:15,DOTUSDT,15m,595834.03,345460.6,0.265988,0.001,0.763
2026-08-14 09:19:17,LINKUSDT,15m,13698.93,9309.08,0.190797,0.001,8.853
2026-08-14 09:19:18,NEARUSDT,15m,283132.0,288206.6,-0.008882,0.001,1.595
2026-08-14 09:19:20,LTCUSDT,15m,4594.739,4741.058,-0.015673,0.01,43.91
2026-08-14 09:19:22,BCHUSDT,15m,1166.585,1029.616,0.062366,0.1,202.2
2026-08-14 09:19:24,APTUSDT,15m,481650.92,214742.49,0.383272,0.001,0.541
2026-08-14 09:19:25,TRXUSDT,15m,5379171.5,4364495.8,0.104137,0.0001,0.3324
2026-08-14 09:19:27,SHIBUSDT,15m,56067691133.0,51077603628.0,0.046573,0.0,4.63e-06
2026-08-14 09:19:29,UNIUSDT,15m,61549.46,44285.03,0.163127,0.001,3.225
2026-08-14 09:19:30,ATOMUSDT,15m,55275.52,44572.7,0.107191,0.001,1.519
2026-08-14 09:19:32,SUIUSDT,15m,345113.8,133850.6,0.441083,0.0001,0.6804
2026-08-14 09:19:34,INJUSDT,15m,22870.19,5084.89,0.63621,0.001,4.239
2026-08-14 09:19:36,ICPUSDT,15m,45540.63,17394.92,0.447215,0.001,2.198
2026-08-14 09:19:48,BTCUSDT,15m,2.9573,13.1132,-0.631957,0.01,63060.0
2026-08-14 09:19:51,ETHUSDT,15m,39.4025,87.9836,-0.381369,0.01,1881.52
2026-08-14 09:19:53,SOLUSDT,15m,14959.87,16067.085,-0.035686,0.01,75.64
2026-08-14 09:19:55,BNBUSDT,15m,161.214,119.705,0.147761,0.01,606.49
2026-08-14 09:19:57,XRPUSDT,15m,928905.4,894611.3,0.018807,0.0001,1.0055
2026-08-14 09:20:00,DOGEUSDT,15m,10613673.0,9649635.0,0.047576,1e-05,0.06992
2026-08-14 09:20:02,ADAUSDT,15m,2345559.5,1399972.7,0.252457,0.0001,0.1801
2026-08-14 09:20:04,AVAXUSDT,15m,15708.93,18239.51,-0.074542,0.001,6.436
2026-08-14 09:20:09,DOTUSDT,15m,597889.13,345291.76,0.267814,0.001,0.764
2026-08-14 09:20:11,LINKUSDT,15m,13093.18,9668.6,0.150453,0.001,8.861
2026-08-14 09:20:13,NEARUSDT,15m,287838.4,285782.5,0.003584,0.001,1.595
2026-08-14 09:20:14,LTCUSDT,15m,4735.434,4949.715,-0.022125,0.01,43.9
2026-08-14 09:20:15,BCHUSDT,15m,1161.149,1038.844,0.055593,0.1,202.3
2026-08-14 09:20:17,APTUSDT,15m,481477.16,214813.57,0.382977,0.001,0.54
2026-08-14 09:20:18,TRXUSDT,15m,5339074.0,4378184.7,0.098885,0.0001,0.3324
2026-08-14 09:20:20,SHIBUSDT,15m,55276766829.0,51446642880.0,0.035888,0.0,4.64e-06
2026-08-14 09:20:21,UNIUSDT,15m,58944.8,39678.67,0.19535,0.001,3.223
2026-08-14 09:20:23,ATOMUSDT,15m,55289.36,46254.1,0.088979,0.001,1.518
2026-08-14 09:20:24,SUIUSDT,15m,357660.7,141489.3,0.433079,0.0001,0.6805
2026-08-14 09:20:25,INJUSDT,15m,23829.03,4780.96,0.665784,0.001,4.245
2026-08-14 09:20:27,ICPUSDT,15m,45500.28,25934.16,0.273903,0.001,2.199
2026-08-14 09:20:38,BTCUSDT,15m,0.2956,10.4391,-0.944924,0.01,63056.01
2026-08-14 09:20:39,ETHUSDT,15m,15.9963,188.076,-0.843229,0.01,1881.06
2026-08-14 09:20:41,SOLUSDT,15m,14891.761,15538.086,-0.02124,0.01,75.61
2026-08-14 09:20:42,BNBUSDT,15m,86.512,194.024,-0.383238,0.01,606.37
2026-08-14 09:20:44,XRPUSDT,15m,932114.8,893791.4,0.020989,0.0001,1.0056
2026-08-14 09:20:45,DOGEUSDT,15m,9849303.0,9664055.0,0.009493,1e-05,0.06989
2026-08-14 09:20:46,ADAUSDT,15m,2335233.9,1425840.7,0.241791,0.0001,0.1801
2026-08-14 09:20:48,AVAXUSDT,15m,18563.55,14898.04,0.109544,0.001,6.434
2026-08-14 09:20:49,DOTUSDT,15m,590042.34,344584.93,0.262626,0.001,0.764
2026-08-14 09:20:50,LINKUSDT,15m,13578.92,10229.5,0.140682,0.001,8.852
2026-08-14 09:20:52,NEARUSDT,15m,282824.7,293676.0,-0.018823,0.001,1.595
2026-08-14 09:20:53,LTCUSDT,15m,4921.221,4869.413,0.005292,0.01,43.9
2026-08-14 09:20:54,BCHUSDT,15m,1160.137,1041.787,0.053748,0.1,202.2
2026-08-14 09:20:56,APTUSDT,15m,481012.51,220193.37,0.371958,0.001,0.54
2026-08-14 09:20:57,TRXUSDT,15m,5342849.1,4381109.7,0.098904,0.0001,0.3324
2026-08-14 09:20:59,SHIBUSDT,15m,54907209757.0,51297845438.0,0.033985,0.0,4.62e-06
2026-08-14 09:21:00,UNIUSDT,15m,61784.87,39998.41,0.214048,0.001,3.223
2026-08-14 09:21:01,ATOMUSDT,15m,58682.45,42592.47,0.158874,0.001,1.517
2026-08-14 09:21:03,SUIUSDT,15m,411661.4,160046.1,0.440112,0.0001,0.6803
2026-08-14 09:21:04,INJUSDT,15m,24448.41,4839.26,0.669536,0.001,4.25
2026-08-14 09:21:06,ICPUSDT,15m,46512.86,26306.66,0.277483,0.001,2.201
2026-08-14 09:21:17,BTCUSDT,15m,7.4995,3.464,0.36809,0.01,63069.14
2026-08-14 09:21:18,ETHUSDT,15m,53.7306,184.662,-0.549226,0.01,1881.46
2026-08-14 09:21:20,SOLUSDT,15m,16856.354,15352.718,0.046684,0.01,75.58
2026-08-14 09:21:21,BNBUSDT,15m,95.212,186.046,-0.322956,0.01,606.31
2026-08-14 09:21:22,XRPUSDT,15m,835482.7,845585.5,-0.00601,0.0001,1.0049
2026-08-14 09:21:24,DOGEUSDT,15m,9683248.0,10169962.0,-0.024516,1e-05,0.06988
2026-08-14 09:21:25,ADAUSDT,15m,2248760.8,1447673.7,0.216719,0.0001,0.18
2026-08-14 09:21:27,AVAXUSDT,15m,17269.9,13006.7,0.140808,0.001,6.43
2026-08-14 09:21:28,DOTUSDT,15m,639099.71,377813.71,0.25694,0.001,0.763
2026-08-14 09:21:29,LINKUSDT,15m,12594.03,10032.98,0.113186,0.001,8.85
2026-08-14 09:21:31,NEARUSDT,15m,281237.4,293440.2,-0.021234,0.001,1.594
2026-08-14 09:21:32,LTCUSDT,15m,4694.325,4709.497,-0.001613,0.01,43.85
2026-08-14 09:21:34,BCHUSDT,15m,1410.471,1055.055,0.144154,0.1,202.1
2026-08-14 09:21:35,APTUSDT,15m,467949.34,216653.82,0.367067,0.001,0.54
2026-08-14 09:21:36,TRXUSDT,15m,5281592.0,4457859.7,0.084577,0.0001,0.3324
2026-08-14 09:21:38,SHIBUSDT,15m,53911957346.0,51075425584.0,0.027018,0.0,4.61e-06
2026-08-14 09:21:39,UNIUSDT,15m,64060.84,39371.76,0.238697,0.001,3.224
2026-08-14 09:21:40,ATOMUSDT,15m,61218.22,35419.37,0.266965,0.001,1.514
2026-08-14 09:21:42,SUIUSDT,15m,404201.8,180125.3,0.383478,0.0001,0.68
2026-08-14 09:21:43,INJUSDT,15m,13721.65,4935.89,0.470896,0.001,4.262
2026-08-14 09:21:44,ICPUSDT,15m,44033.36,26721.28,0.244678,0.001,2.204
2026-08-14 09:21:56,BTCUSDT,15m,3.6205,7.7076,-0.360789,0.01,63070.0
2026-08-14 09:21:57,ETHUSDT,15m,64.2836,66.6335,-0.01795,0.01,1882.21
2026-08-14 09:21:59,SOLUSDT,15m,13689.67,12577.238,0.042351,0.01,75.58
2026-08-14 09:22:00,BNBUSDT,15m,120.789,182.753,-0.204136,0.01,606.24
2026-08-14 09:22:02,XRPUSDT,15m,662856.6,715795.8,-0.038399,0.0001,1.0048
2026-08-14 09:22:06,DOGEUSDT,15m,7545429.0,8028286.0,-0.031005,1e-05,0.06989
2026-08-14 09:22:07,ADAUSDT,15m,2100447.6,1397050.3,0.201114,0.0001,0.18
2026-08-14 09:22:09,AVAXUSDT,15m,16211.01,10649.38,0.207057,0.001,6.429
2026-08-14 09:22:10,DOTUSDT,15m,603256.0,351940.51,0.263103,0.001,0.763
2026-08-14 09:22:12,LINKUSDT,15m,10672.42,9055.64,0.081953,0.001,8.851
2026-08-14 09:22:13,NEARUSDT,15m,282102.8,277745.9,0.007782,0.001,1.593
2026-08-14 09:22:14,LTCUSDT,15m,4048.442,4504.126,-0.05328,0.01,43.84
2026-08-14 09:22:16,BCHUSDT,15m,1284.696,1002.68,0.123292,0.1,202.1
2026-08-14 09:22:17,APTUSDT,15m,456372.38,212293.49,0.365024,0.001,0.54
2026-08-14 09:22:18,TRXUSDT,15m,4898541.0,4142049.5,0.083677,0.0001,0.3323
2026-08-14 09:22:20,SHIBUSDT,15m,56808875420.0,45045292697.0,0.115494,0.0,4.59e-06
2026-08-14 09:22:21,UNIUSDT,15m,48685.31,35636.45,0.154751,0.001,3.226
2026-08-14 09:22:23,ATOMUSDT,15m,59848.99,38973.04,0.211248,0.001,1.515
2026-08-14 09:22:24,SUIUSDT,15m,320730.3,101764.5,0.518269,0.0001,0.68
2026-08-14 09:22:25,INJUSDT,15m,13165.93,3998.68,0.534079,0.001,4.266
2026-08-14 09:22:27,ICPUSDT,15m,41964.9,26088.01,0.233302,0.001,2.205
2026-08-14 09:22:38,BTCUSDT,15m,11.3039,0.4709,0.920022,0.01,63100.61
2026-08-14 09:22:39,ETHUSDT,15m,30.0705,68.5977,-0.390472,0.01,1883.36
2026-08-14 09:22:41,SOLUSDT,15m,17055.889,13156.329,0.129072,0.01,75.62
2026-08-14 09:22:42,BNBUSDT,15m,162.087,92.181,0.27493,0.01,606.51
2026-08-14 09:22:44,XRPUSDT,15m,1057799.0,617906.9,0.262512,0.0001,1.0049
2026-08-14 09:22:45,DOGEUSDT,15m,9691754.0,9370289.0,0.016864,1e-05,0.06988
2026-08-14 09:22:46,ADAUSDT,15m,2294646.6,1438470.4,0.229346,0.0001,0.1801
2026-08-14 09:22:48,AVAXUSDT,15m,17458.32,18834.94,-0.03793,0.001,6.437
2026-08-14 09:22:49,DOTUSDT,15m,645699.16,356267.99,0.288863,0.001,0.763
2026-08-14 09:22:50,LINKUSDT,15m,12635.58,9881.14,0.122329,0.001,8.853
2026-08-14 09:22:52,NEARUSDT,15m,283149.3,295581.0,-0.021481,0.001,1.594
2026-08-14 09:22:53,LTCUSDT,15m,4829.266,4607.627,0.023486,0.01,43.86
2026-08-14 09:22:55,BCHUSDT,15m,1421.324,1061.249,0.145041,0.1,202.2
2026-08-14 09:22:56,APTUSDT,15m,470697.34,233033.23,0.33772,0.001,0.54
2026-08-14 09:22:58,TRXUSDT,15m,5393864.6,4383803.2,0.103303,0.0001,0.3324
2026-08-14 09:22:59,SHIBUSDT,15m,58102895027.0,48245604536.0,0.092689,0.0,4.59e-06
2026-08-14 09:23:00,UNIUSDT,15m,52451.86,41912.97,0.111682,0.001,3.226
2026-08-14 09:23:02,ATOMUSDT,15m,59637.15,38853.87,0.211017,0.001,1.514
2026-08-14 09:23:03,SUIUSDT,15m,351207.8,130637.5,0.457762,0.0001,0.6801
2026-08-14 09:23:05,INJUSDT,15m,13380.48,3761.37,0.561148,0.002,4.265
2026-08-14 09:23:06,ICPUSDT,15m,44714.58,27685.16,0.235214,0.001,2.203
2026-08-14 09:23:17,BTCUSDT,15m,10.3879,1.8217,0.701599,0.01,63103.02
2026-08-14 09:23:19,ETHUSDT,15m,163.9055,75.1255,0.371416,0.01,1883.16
2026-08-14 09:23:20,SOLUSDT,15m,18124.566,12721.987,0.175144,0.01,75.61
2026-08-14 09:23:22,BNBUSDT,15m,166.155,88.018,0.307417,0.01,606.45
2026-08-14 09:23:23,XRPUSDT,15m,918381.2,550129.6,0.250765,0.0001,1.0051
2026-08-14 09:23:24,DOGEUSDT,15m,10091910.0,9252844.0,0.043374,1e-05,0.06989
2026-08-14 09:23:26,ADAUSDT,15m,2303051.3,1437702.6,0.23133,0.0001,0.18
2026-08-14 09:23:27,AVAXUSDT,15m,14454.66,15545.79,-0.03637,0.001,6.437
2026-08-14 09:23:29,DOTUSDT,15m,590694.4,354574.72,0.249791,0.001,0.763
2026-08-14 09:23:30,LINKUSDT,15m,12702.14,10616.16,0.089457,0.001,8.852
2026-08-14 09:23:31,NEARUSDT,15m,283874.5,285905.9,-0.003565,0.001,1.595
2026-08-14 09:23:33,LTCUSDT,15m,4360.147,4530.411,-0.019151,0.01,43.91
2026-08-14 09:23:34,BCHUSDT,15m,1125.048,998.398,0.059644,0.1,202.4
2026-08-14 09:23:36,APTUSDT,15m,484299.55,221612.32,0.372125,0.001,0.54
2026-08-14 09:23:37,TRXUSDT,15m,5407976.5,4423005.2,0.100191,0.0001,0.3324
2026-08-14 09:23:38,SHIBUSDT,15m,58226507721.0,48183906751.0,0.094376,0.0,4.59e-06
2026-08-14 09:23:40,UNIUSDT,15m,49042.63,44929.51,0.04377,0.001,3.227
2026-08-14 09:23:41,ATOMUSDT,15m,58160.82,40895.41,0.174299,0.001,1.516
2026-08-14 09:23:42,SUIUSDT,15m,443414.6,105703.4,0.615007,0.0001,0.6805
2026-08-14 09:23:44,INJUSDT,15m,18935.03,4608.22,0.608532,0.001,4.261
2026-08-14 09:23:45,ICPUSDT,15m,44732.08,27600.38,0.236847,0.001,2.203
2026-08-14 09:23:57,BTCUSDT,15m,11.6512,0.5143,0.915452,0.01,63119.99
2026-08-14 09:23:58,ETHUSDT,15m,89.1648,122.6427,-0.158058,0.01,1883.76
2026-08-14 09:23:59,SOLUSDT,15m,17042.87,13730.92,0.107622,0.01,75.63
2026-08-14 09:24:01,BNBUSDT,15m,98.057,111.42,-0.063792,0.01,606.77
2026-08-14 09:24:02,XRPUSDT,15m,1349879.5,988639.6,0.154474,0.0001,1.0064
2026-08-14 09:24:03,DOGEUSDT,15m,9455459.0,8505837.0,0.05287,1e-05,0.06993
2026-08-14 09:24:05,ADAUSDT,15m,2197709.6,1309645.3,0.253201,0.0001,0.1804
2026-08-14 09:24:06,AVAXUSDT,15m,17311.23,18755.68,-0.040049,0.001,6.439
2026-08-14 09:24:07,DOTUSDT,15m,650902.62,344023.64,0.308444,0.001,0.764
2026-08-14 09:24:09,LINKUSDT,15m,13282.8,10023.17,0.139862,0.001,8.857
2026-08-14 09:24:10,NEARUSDT,15m,280575.4,288759.6,-0.014375,0.001,1.596
2026-08-14 09:24:11,LTCUSDT,15m,4688.65,4170.81,0.058451,0.01,43.93
2026-08-14 09:24:13,BCHUSDT,15m,1125.453,1064.448,0.027857,0.1,202.3
2026-08-14 09:24:14,APTUSDT,15m,486544.18,217716.19,0.381717,0.001,0.541
2026-08-14 09:24:16,TRXUSDT,15m,5315513.4,4437388.1,0.090037,0.0001,0.3324
2026-08-14 09:24:17,SHIBUSDT,15m,58766809364.0,47119038997.0,0.110003,0.0,4.59e-06
2026-08-14 09:24:18,UNIUSDT,15m,49954.04,42164.56,0.084559,0.001,3.227
2026-08-14 09:24:20,ATOMUSDT,15m,59576.52,40878.82,0.186129,0.001,1.517
2026-08-14 09:24:21,SUIUSDT,15m,383327.0,120724.8,0.520983,0.0001,0.6808
2026-08-14 09:24:22,INJUSDT,15m,25842.52,3900.71,0.737708,0.001,4.255
2026-08-14 09:24:24,ICPUSDT,15m,44238.56,27832.25,0.227642,0.001,2.203
2026-08-14 09:24:35,BTCUSDT,15m,13.402,2.5741,0.677761,0.01,63107.34
2026-08-14 09:24:36,ETHUSDT,15m,79.909,110.846,-0.162182,0.01,1883.59
2026-08-14 09:24:38,SOLUSDT,15m,17397.679,13535.325,0.124862,0.01,75.6
2026-08-14 09:24:39,BNBUSDT,15m,154.804,98.109,0.224168,0.01,606.77
2026-08-14 09:24:41,XRPUSDT,15m,941009.2,1008866.6,-0.034801,0.0001,1.0062
2026-08-14 09:24:42,DOGEUSDT,15m,9331205.0,8768453.0,0.031092,1e-05,0.06994
2026-08-14 09:24:43,ADAUSDT,15m,2276542.1,1369209.4,0.248874,0.0001,0.1803
2026-08-14 09:24:45,AVAXUSDT,15m,18682.06,16625.64,0.058243,0.001,6.439
2026-08-14 09:24:46,DOTUSDT,15m,640161.5,347268.09,0.296622,0.001,0.764
2026-08-14 09:24:47,LINKUSDT,15m,11703.32,10731.62,0.043312,0.001,8.857
2026-08-14 09:24:49,NEARUSDT,15m,280607.1,287570.2,-0.012255,0.001,1.596
2026-08-14 09:24:50,LTCUSDT,15m,4675.536,4222.591,0.050903,0.01,43.93
2026-08-14 09:24:51,BCHUSDT,15m,1109.501,1057.619,0.023941,0.1,202.4
2026-08-14 09:24:53,APTUSDT,15m,486354.34,215482.2,0.385948,0.001,0.541
2026-08-14 09:24:54,TRXUSDT,15m,5280953.5,4443672.3,0.086099,0.0001,0.3323
2026-08-14 09:24:55,SHIBUSDT,15m,57607557100.0,47336768313.0,0.097869,0.0,4.6e-06
2026-08-14 09:24:57,UNIUSDT,15m,59699.48,37368.76,0.230052,0.001,3.227
2026-08-14 09:24:58,ATOMUSDT,15m,58734.67,38015.96,0.214145,0.001,1.516
2026-08-14 09:25:00,SUIUSDT,15m,382363.7,156458.4,0.419258,0.0001,0.6805
2026-08-14 09:25:01,INJUSDT,15m,24345.27,5377.12,0.638177,0.001,4.246
2026-08-14 09:25:02,ICPUSDT,15m,45526.6,27977.91,0.238743,0.001,2.201
2026-08-14 09:25:14,BTCUSDT,15m,12.3717,2.6351,0.648818,0.01,63090.0
2026-08-14 09:25:15,ETHUSDT,15m,200.7368,13.6066,0.873039,0.01,1882.58
2026-08-14 09:25:16,SOLUSDT,15m,15298.178,13826.238,0.05054,0.01,75.58
2026-08-14 09:25:18,BNBUSDT,15m,107.174,66.003,0.237739,0.01,606.81
2026-08-14 09:25:19,XRPUSDT,15m,958097.4,905887.2,0.02801,0.0001,1.0057
2026-08-14 09:25:20,DOGEUSDT,15m,8730838.0,9541876.0,-0.044385,1e-05,0.0699
2026-08-14 09:25:22,ADAUSDT,15m,2251786.8,1401003.2,0.232913,0.0001,0.1801
2026-08-14 09:25:23,AVAXUSDT,15m,17535.66,14525.39,0.093892,0.001,6.436
2026-08-14 09:25:24,DOTUSDT,15m,595957.35,380118.25,0.221129,0.001,0.764
2026-08-14 09:25:26,LINKUSDT,15m,13582.51,10806.26,0.113833,0.001,8.852
2026-08-14 09:25:27,NEARUSDT,15m,284897.4,283094.5,0.003174,0.001,1.596
2026-08-14 09:25:29,LTCUSDT,15m,4858.671,4305.735,0.060335,0.01,43.9
2026-08-14 09:25:30,BCHUSDT,15m,1094.605,1048.451,0.021537,0.1,202.3
2026-08-14 09:25:31,APTUSDT,15m,480416.77,213365.97,0.38492,0.001,0.541
2026-08-14 09:25:33,TRXUSDT,15m,5598289.9,4292495.4,0.132021,0.0001,0.3324
2026-08-14 09:25:34,SHIBUSDT,15m,57864065481.0,47130850606.0,0.102226,0.0,4.59e-06
2026-08-14 09:25:36,UNIUSDT,15m,59482.68,41937.15,0.172999,0.001,3.224
2026-08-14 09:25:37,ATOMUSDT,15m,60391.51,42167.68,0.177691,0.001,1.515
2026-08-14 09:25:38,SUIUSDT,15m,401395.8,145173.9,0.468782,0.0001,0.6803
2026-08-14 09:25:40,INJUSDT,15m,23089.67,6303.37,0.571098,0.001,4.251
2026-08-14 09:25:41,ICPUSDT,15m,46940.96,27968.86,0.253266,0.001,2.201
2026-08-14 09:25:52,BTCUSDT,15m,0.1326,10.224,-0.974385,0.01,63104.0
2026-08-14 09:25:54,ETHUSDT,15m,50.4093,133.9532,-0.45315,0.01,1882.71
2026-08-14 09:25:55,SOLUSDT,15m,15573.908,13778.843,0.061155,0.01,75.58
2026-08-14 09:25:57,BNBUSDT,15m,93.809,116.991,-0.109972,0.01,606.81
2026-08-14 09:25:58,XRPUSDT,15m,868766.7,870294.7,-0.000879,0.0001,1.0055
2026-08-14 09:25:59,DOGEUSDT,15m,8530270.0,9339741.0,-0.045298,1e-05,0.0699
2026-08-14 09:26:01,ADAUSDT,15m,2316240.0,1416373.0,0.241082,0.0001,0.1801
2026-08-14 09:26:02,AVAXUSDT,15m,17914.48,17683.38,0.006492,0.001,6.438
2026-08-14 09:26:03,DOTUSDT,15m,580657.76,378391.24,0.210903,0.001,0.764
2026-08-14 09:26:05,LINKUSDT,15m,12259.45,9745.81,0.114229,0.001,8.852
2026-08-14 09:26:06,NEARUSDT,15m,285959.5,283555.9,0.00422,0.001,1.596
2026-08-14 09:26:08,LTCUSDT,15m,4738.9,4161.156,0.064915,0.01,43.92
2026-08-14 09:26:09,BCHUSDT,15m,1119.044,1044.995,0.034218,0.1,202.3
2026-08-14 09:26:10,APTUSDT,15m,483315.5,213529.12,0.387154,0.001,0.54
2026-08-14 09:26:12,TRXUSDT,15m,5700036.5,4307063.8,0.139198,0.0001,0.3324
2026-08-14 09:26:13,SHIBUSDT,15m,58744994642.0,47333105400.0,0.10758,0.0,4.6e-06
2026-08-14 09:26:14,UNIUSDT,15m,55349.83,40286.26,0.157509,0.001,3.225
2026-08-14 09:26:16,ATOMUSDT,15m,58847.36,43131.31,0.154111,0.001,1.515
2026-08-14 09:26:17,SUIUSDT,15m,414272.4,139418.2,0.496404,0.0001,0.6804
2026-08-14 09:26:18,INJUSDT,15m,23776.82,5529.91,0.622618,0.001,4.251
2026-08-14 09:26:20,ICPUSDT,15m,48364.7,28295.9,0.261788,0.001,2.201
2026-08-14 09:26:31,BTCUSDT,15m,18.1659,0.2162,0.976477,0.01,63102.21
2026-08-14 09:26:33,ETHUSDT,15m,121.5923,75.476,0.234012,0.01,1882.96
2026-08-14 09:26:34,SOLUSDT,15m,15907.446,14057.557,0.061735,0.01,75.57
2026-08-14 09:26:35,BNBUSDT,15m,73.646,99.718,-0.150389,0.01,606.8
2026-08-14 09:26:37,XRPUSDT,15m,795961.0,629207.0,0.117007,0.0001,1.0049
2026-08-14 09:26:38,DOGEUSDT,15m,8927593.0,9529953.0,-0.032635,1e-05,0.06991
2026-08-14 09:26:39,ADAUSDT,15m,2199475.3,1482130.2,0.194846,0.0001,0.1801
2026-08-14 09:26:41,AVAXUSDT,15m,16812.91,18140.59,-0.037984,0.001,6.438
2026-08-14 09:26:42,DOTUSDT,15m,581776.41,377633.18,0.21278,0.001,0.764
2026-08-14 09:26:43,LINKUSDT,15m,13978.58,10990.24,0.119683,0.001,8.849
2026-08-14 09:26:46,NEARUSDT,15m,285668.4,288382.9,-0.004729,0.001,1.595
2026-08-14 09:26:47,LTCUSDT,15m,4954.923,3900.987,0.119009,0.01,43.93
2026-08-14 09:26:48,BCHUSDT,15m,1106.711,1035.61,0.033189,0.1,202.3
2026-08-14 09:26:50,APTUSDT,15m,479959.42,212465.6,0.386314,0.001,0.541
2026-08-14 09:26:51,TRXUSDT,15m,5666262.7,4278817.9,0.139511,0.0001,0.3324
2026-08-14 09:26:53,SHIBUSDT,15m,57825238948.0,49192426568.0,0.080667,0.0,4.61e-06
2026-08-14 09:26:54,UNIUSDT,15m,59927.33,39810.2,0.201701,0.001,3.224
2026-08-14 09:26:55,ATOMUSDT,15m,60759.73,38385.85,0.225667,0.001,1.517
2026-08-14 09:26:57,SUIUSDT,15m,419406.4,135480.1,0.511684,0.0001,0.6803
2026-08-14 09:26:58,INJUSDT,15m,23467.2,4948.51,0.651706,0.001,4.248
2026-08-14 09:26:59,ICPUSDT,15m,45627.89,29612.1,0.212863,0.001,2.202
2026-08-14 09:27:11,BTCUSDT,15m,13.9569,11.1877,0.11013,0.01,63120.01
2026-08-14 09:27:12,ETHUSDT,15m,162.0144,28.8635,0.697571,0.01,1883.1
2026-08-14 09:27:13,SOLUSDT,15m,15558.277,13442.689,0.072949,0.01,75.56
2026-08-14 09:27:15,BNBUSDT,15m,199.5,76.842,0.443863,0.01,606.7
2026-08-14 09:27:16,XRPUSDT,15m,839967.6,826795.0,0.007903,0.0001,1.0053
2026-08-14 09:27:17,DOGEUSDT,15m,8875710.0,9271437.0,-0.021807,1e-05,0.06991
2026-08-14 09:27:19,ADAUSDT,15m,2317126.8,1470367.0,0.223567,0.0001,0.18
2026-08-14 09:27:20,AVAXUSDT,15m,16254.22,19706.48,-0.096001,0.001,6.439
2026-08-14 09:27:21,DOTUSDT,15m,579771.25,377608.32,0.211163,0.001,0.764
2026-08-14 09:27:23,LINKUSDT,15m,12596.78,10292.67,0.100663,0.001,8.853
2026-08-14 09:27:24,NEARUSDT,15m,285635.6,273980.8,0.020826,0.001,1.597
2026-08-14 09:27:25,LTCUSDT,15m,5008.969,4041.163,0.106938,0.01,43.93
2026-08-14 09:27:27,BCHUSDT,15m,1115.191,1033.114,0.038205,0.1,202.3
2026-08-14 09:27:28,APTUSDT,15m,484950.52,212298.2,0.39104,0.001,0.541
2026-08-14 09:27:30,TRXUSDT,15m,5859426.5,4375124.2,0.145029,0.0001,0.3323
2026-08-14 09:27:31,SHIBUSDT,15m,57909139694.0,49700346304.0,0.076283,0.0,4.61e-06
2026-08-14 09:27:32,UNIUSDT,15m,62371.68,38510.68,0.236523,0.001,3.224
2026-08-14 09:27:34,ATOMUSDT,15m,61709.7,39483.98,0.219635,0.001,1.518
2026-08-14 09:27:35,SUIUSDT,15m,202541.4,134013.8,0.203615,0.0001,0.6796
2026-08-14 09:27:36,INJUSDT,15m,25163.9,4587.88,0.69159,0.001,4.243
2026-08-14 09:27:38,ICPUSDT,15m,45579.73,29994.08,0.206231,0.001,2.203
2026-08-14 09:27:49,BTCUSDT,15m,5.6651,4.7909,0.083615,0.01,63155.1
2026-08-14 09:27:50,ETHUSDT,15m,52.0022,188.8607,-0.568201,0.01,1884.45
2026-08-14 09:27:52,SOLUSDT,15m,15928.766,14226.502,0.05645,0.01,75.63
2026-08-14 09:27:53,BNBUSDT,15m,87.525,163.782,-0.303442,0.01,606.9
2026-08-14 09:27:55,XRPUSDT,15m,849095.3,872086.6,-0.013358,0.0001,1.0055
2026-08-14 09:27:56,DOGEUSDT,15m,9020574.0,9369588.0,-0.018978,1e-05,0.06993
2026-08-14 09:27:57,ADAUSDT,15m,2322822.8,1434125.2,0.236548,0.0001,0.18
2026-08-14 09:27:59,AVAXUSDT,15m,19914.51,17540.16,0.063393,0.001,6.441
2026-08-14 09:28:00,DOTUSDT,15m,647115.41,258611.23,0.428942,0.001,0.765
2026-08-14 09:28:01,LINKUSDT,15m,13888.57,13414.78,0.017353,0.001,8.86
2026-08-14 09:28:03,NEARUSDT,15m,285705.5,271251.5,0.025952,0.001,1.597
2026-08-14 09:28:04,LTCUSDT,15m,5233.601,4126.347,0.118297,0.01,43.93
2026-08-14 09:28:06,BCHUSDT,15m,1134.641,1039.68,0.043674,0.1,202.4
2026-08-14 09:28:07,APTUSDT,15m,486350.12,211465.91,0.393921,0.001,0.54
2026-08-14 09:28:09,TRXUSDT,15m,5736732.5,4938942.4,0.07473,0.0001,0.3325
2026-08-14 09:28:10,SHIBUSDT,15m,53451131297.0,50264424510.0,0.030725,0.0,4.6e-06
2026-08-14 09:28:11,UNIUSDT,15m,52386.14,43580.93,0.091752,0.001,3.226
2026-08-14 09:28:13,ATOMUSDT,15m,63343.46,42023.21,0.202343,0.001,1.52
2026-08-14 09:28:14,SUIUSDT,15m,215206.6,130830.6,0.243835,0.0001,0.6803
2026-08-14 09:28:15,INJUSDT,15m,24651.03,5503.98,0.634954,0.001,4.249
2026-08-14 09:28:17,ICPUSDT,15m,44286.44,29589.4,0.198942,0.001,2.206
2026-08-14 09:28:28,BTCUSDT,15m,4.7148,7.1573,-0.205731,0.01,63134.8
2026-08-14 09:28:29,ETHUSDT,15m,89.4846,130.4085,-0.186108,0.01,1884.73
2026-08-14 09:28:31,SOLUSDT,15m,17349.277,12965.607,0.144605,0.01,75.63
2026-08-14 09:28:32,BNBUSDT,15m,109.392,117.871,-0.037309,0.01,606.85
2026-08-14 09:28:33,XRPUSDT,15m,840408.3,884257.4,-0.025425,0.0001,1.0053
2026-08-14 09:28:35,DOGEUSDT,15m,8830281.0,9480420.0,-0.035506,1e-05,0.06992
2026-08-14 09:28:36,ADAUSDT,15m,2242731.6,1403007.5,0.23033,0.0001,0.1801
2026-08-14 09:28:38,AVAXUSDT,15m,16552.35,15356.35,0.037482,0.001,6.443
2026-08-14 09:28:39,DOTUSDT,15m,642207.14,346992.68,0.298438,0.001,0.764
2026-08-14 09:28:40,LINKUSDT,15m,11720.52,14041.9,-0.090107,0.001,8.862
2026-08-14 09:28:42,NEARUSDT,15m,278788.2,275340.4,0.006222,0.001,1.597
2026-08-14 09:28:43,LTCUSDT,15m,5138.852,4248.36,0.094862,0.01,43.95
2026-08-14 09:28:44,BCHUSDT,15m,1098.944,1048.698,0.023396,0.1,202.3
2026-08-14 09:28:46,APTUSDT,15m,484037.09,216869.91,0.381174,0.001,0.541
2026-08-14 09:28:47,TRXUSDT,15m,5345110.7,4846641.6,0.048909,0.0001,0.3325
2026-08-14 09:28:48,SHIBUSDT,15m,57716974420.0,50819063778.0,0.063554,0.0,4.59e-06
2026-08-14 09:28:50,UNIUSDT,15m,50797.05,43740.16,0.074647,0.001,3.228
2026-08-14 09:28:51,ATOMUSDT,15m,63782.24,39969.07,0.229522,0.001,1.519
2026-08-14 09:28:52,SUIUSDT,15m,209861.3,136436.8,0.212027,0.0001,0.6801
2026-08-14 09:28:54,INJUSDT,15m,23978.86,5809.16,0.609967,0.001,4.251
2026-08-14 09:28:55,ICPUSDT,15m,46397.52,31347.08,0.193588,0.001,2.204
2026-08-14 09:29:06,BTCUSDT,15m,16.0452,2.8816,0.695503,0.01,63121.74
2026-08-14 09:29:08,ETHUSDT,15m,49.7136,94.9579,-0.312738,0.01,1884.71
2026-08-14 09:29:09,SOLUSDT,15m,17035.64,12823.569,0.141064,0.01,75.59
2026-08-14 09:29:11,BNBUSDT,15m,212.861,95.828,0.379129,0.01,606.47
2026-08-14 09:29:12,XRPUSDT,15m,861461.1,914487.5,-0.029858,0.0001,1.005
2026-08-14 09:29:13,DOGEUSDT,15m,9350291.0,8515813.0,0.046707,1e-05,0.06993
2026-08-14 09:29:15,ADAUSDT,15m,2394053.4,1383090.1,0.267653,0.0001,0.1802
2026-08-14 09:29:16,AVAXUSDT,15m,17283.9,15172.56,0.065051,0.001,6.441
2026-08-14 09:29:17,DOTUSDT,15m,643600.39,350513.07,0.294823,0.001,0.764
2026-08-14 09:29:19,LINKUSDT,15m,13029.71,13635.94,-0.022734,0.001,8.864
2026-08-14 09:29:20,NEARUSDT,15m,284431.4,275577.3,0.015811,0.001,1.597
2026-08-14 09:29:21,LTCUSDT,15m,5133.928,4315.071,0.086661,0.01,43.96
2026-08-14 09:29:23,BCHUSDT,15m,1100.076,1063.697,0.016813,0.1,202.3
2026-08-14 09:29:24,APTUSDT,15m,480738.5,216945.66,0.378098,0.001,0.541
2026-08-14 09:29:26,TRXUSDT,15m,5420350.0,4795570.0,0.061157,0.0001,0.3325
2026-08-14 09:29:27,SHIBUSDT,15m,57757686822.0,50375575578.0,0.068269,0.0,4.61e-06
2026-08-14 09:29:28,UNIUSDT,15m,51244.19,39330.91,0.131529,0.001,3.229
2026-08-14 09:29:30,ATOMUSDT,15m,63676.83,40009.7,0.228257,0.001,1.519
2026-08-14 09:29:31,SUIUSDT,15m,186354.3,125102.2,0.196663,0.0001,0.6798
2026-08-14 09:29:32,INJUSDT,15m,15918.01,5732.31,0.470464,0.001,4.256
2026-08-14 09:29:34,ICPUSDT,15m,44574.81,30559.82,0.186532,0.001,2.204
2026-08-14 09:29:45,BTCUSDT,15m,3.2838,12.803,-0.591738,0.01,63121.98
2026-08-14 09:29:46,ETHUSDT,15m,91.3574,74.1477,0.103983,0.01,1884.09
2026-08-14 09:29:48,SOLUSDT,15m,14992.092,13261.242,0.061262,0.01,75.59
2026-08-14 09:29:49,BNBUSDT,15m,106.0,133.941,-0.116449,0.01,606.49
2026-08-14 09:29:51,XRPUSDT,15m,896037.2,821193.9,0.043584,0.0001,1.0042
2026-08-14 09:29:52,DOGEUSDT,15m,8692233.0,9583453.0,-0.048765,1e-05,0.06991
2026-08-14 09:29:53,ADAUSDT,15m,2307090.7,1398950.3,0.245043,0.0001,0.1801
2026-08-14 09:29:55,AVAXUSDT,15m,19822.53,16505.08,0.09132,0.001,6.439
2026-08-14 09:29:56,DOTUSDT,15m,643621.15,354917.85,0.289126,0.001,0.765
2026-08-14 09:29:57,LINKUSDT,15m,13252.45,14176.31,-0.033682,0.001,8.862
2026-08-14 09:29:59,NEARUSDT,15m,271515.2,281796.3,-0.018581,0.001,1.596
2026-08-14 09:30:00,LTCUSDT,15m,4988.185,4317.695,0.07205,0.01,43.95
2026-08-14 09:30:01,BCHUSDT,15m,1097.173,1063.547,0.015562,0.1,202.3
2026-08-14 09:30:03,APTUSDT,15m,484654.02,217107.2,0.381251,0.001,0.541
2026-08-14 09:30:04,TRXUSDT,15m,5640675.3,4783882.8,0.08219,0.0001,0.3325
2026-08-14 09:30:05,SHIBUSDT,15m,57769448399.0,51053874664.0,0.061711,0.0,4.6e-06
2026-08-14 09:30:07,UNIUSDT,15m,51669.05,39559.46,0.132739,0.001,3.231
2026-08-14 09:30:08,ATOMUSDT,15m,61825.41,35548.58,0.269855,0.001,1.519
2026-08-14 09:30:10,SUIUSDT,15m,216957.3,120692.3,0.285103,0.0001,0.6797
2026-08-14 09:30:11,INJUSDT,15m,13384.98,6667.17,0.335017,0.001,4.285
2026-08-14 09:30:12,ICPUSDT,15m,46652.28,30727.01,0.205808,0.001,2.203
2026-08-14 09:30:24,BTCUSDT,15m,5.3173,9.6586,-0.289881,0.01,63129.0
2026-08-14 09:30:25,ETHUSDT,15m,37.8047,109.8119,-0.487799,0.01,1884.5
2026-08-14 09:30:26,SOLUSDT,15m,15103.472,13323.722,0.062607,0.01,75.6
2026-08-14 09:30:28,BNBUSDT,15m,148.806,113.549,0.134387,0.01,606.57
2026-08-14 09:30:29,XRPUSDT,15m,857704.6,872005.2,-0.008268,0.0001,1.0048
2026-08-14 09:30:30,DOGEUSDT,15m,9017171.0,9196632.0,-0.009853,1e-05,0.06993
2026-08-14 09:30:32,ADAUSDT,15m,2261080.8,1387091.5,0.239569,0.0001,0.1801
2026-08-14 09:30:33,AVAXUSDT,15m,15572.21,15574.68,-7.9e-05,0.001,6.443
2026-08-14 09:30:34,DOTUSDT,15m,642857.08,353508.13,0.290405,0.001,0.764
2026-08-14 09:30:36,LINKUSDT,15m,11554.01,18313.79,-0.226323,0.001,8.875
2026-08-14 09:30:37,NEARUSDT,15m,277446.1,280625.4,-0.005697,0.001,1.597
2026-08-14 09:30:38,LTCUSDT,15m,5104.535,4150.298,0.103107,0.01,43.96
2026-08-14 09:30:40,BCHUSDT,15m,1064.865,1061.598,0.001536,0.1,202.2
2026-08-14 09:30:41,APTUSDT,15m,482508.54,217392.07,0.378792,0.001,0.54
2026-08-14 09:30:42,TRXUSDT,15m,5330090.7,4880338.2,0.044048,0.0001,0.3325
2026-08-14 09:30:44,SHIBUSDT,15m,58441127680.0,50882527569.0,0.06914,0.0,4.59e-06
2026-08-14 09:30:45,UNIUSDT,15m,51951.89,42008.34,0.105827,0.001,3.23
2026-08-14 09:30:47,ATOMUSDT,15m,60700.41,39442.32,0.212278,0.001,1.519
2026-08-14 09:30:48,SUIUSDT,15m,169554.7,128354.2,0.138299,0.0001,0.6797
2026-08-14 09:30:49,INJUSDT,15m,13616.83,6176.42,0.375906,0.001,4.286
2026-08-14 09:30:51,ICPUSDT,15m,44295.09,30279.99,0.187933,0.001,2.204
2026-08-14 09:31:02,BTCUSDT,15m,5.851,7.1423,-0.099381,0.01,63134.73
2026-08-14 09:31:03,ETHUSDT,15m,133.8039,62.2297,0.365112,0.01,1884.49
2026-08-14 09:31:05,SOLUSDT,15m,15700.38,13417.619,0.078397,0.01,75.6
2026-08-14 09:31:06,BNBUSDT,15m,155.181,101.141,0.210829,0.01,606.54
2026-08-14 09:31:07,XRPUSDT,15m,916073.3,864975.1,0.02869,0.0001,1.005
2026-08-14 09:31:09,DOGEUSDT,15m,9070818.0,9015184.0,0.003076,1e-05,0.06993
2026-08-14 09:31:10,ADAUSDT,15m,2273579.3,1404873.3,0.236161,0.0001,0.1801
2026-08-14 09:31:11,AVAXUSDT,15m,17973.5,14145.36,0.119187,0.001,6.442
2026-08-14 09:31:13,DOTUSDT,15m,642991.26,355405.88,0.288047,0.001,0.764
2026-08-14 09:31:14,LINKUSDT,15m,11454.12,18582.57,-0.237325,0.001,8.872
2026-08-14 09:31:15,NEARUSDT,15m,277666.2,277593.8,0.00013,0.001,1.598
2026-08-14 09:31:17,LTCUSDT,15m,5042.381,4150.543,0.097014,0.01,43.95
2026-08-14 09:31:18,BCHUSDT,15m,1072.62,1065.416,0.003369,0.1,202.3
2026-08-14 09:31:20,APTUSDT,15m,531713.77,209653.29,0.434414,0.001,0.541
2026-08-14 09:31:21,TRXUSDT,15m,5328415.6,4825727.2,0.049506,0.0001,0.3325
2026-08-14 09:31:22,SHIBUSDT,15m,62199462828.0,50544990381.0,0.103371,0.0,4.59e-06
2026-08-14 09:31:24,UNIUSDT,15m,50267.42,40251.34,0.110652,0.001,3.229
2026-08-14 09:31:25,ATOMUSDT,15m,53258.12,37240.67,0.176991,0.001,1.518
2026-08-14 09:31:26,SUIUSDT,15m,254375.0,128750.6,0.327894,0.0001,0.6796
2026-08-14 09:31:28,INJUSDT,15m,14816.63,6319.02,0.402051,0.001,4.289
2026-08-14 09:31:29,ICPUSDT,15m,42111.97,23103.29,0.291476,0.001,2.208
2026-08-14 09:31:40,BTCUSDT,15m,5.4529,8.5719,-0.222391,0.01,63096.69
2026-08-14 09:31:42,ETHUSDT,15m,75.9977,97.1253,-0.122038,0.01,1883.77
2026-08-14 09:31:43,SOLUSDT,15m,16850.923,12743.021,0.138809,0.01,75.6
2026-08-14 09:31:45,BNBUSDT,15m,159.986,127.675,0.112323,0.01,606.52
2026-08-14 09:31:46,XRPUSDT,15m,841145.4,865514.4,-0.014279,0.0001,1.0046
2026-08-14 09:31:47,DOGEUSDT,15m,9356126.0,8673049.0,0.037887,1e-05,0.06993
2026-08-14 09:31:49,ADAUSDT,15m,2278428.2,1386195.9,0.243472,0.0001,0.1801
2026-08-14 09:31:50,AVAXUSDT,15m,20379.36,17341.67,0.08053,0.001,6.443
2026-08-14 09:31:51,DOTUSDT,15m,642545.93,362404.27,0.278762,0.001,0.764
2026-08-14 09:31:53,LINKUSDT,15m,13714.29,17299.04,-0.115587,0.001,8.871
2026-08-14 09:31:54,NEARUSDT,15m,275658.5,256348.0,0.036297,0.001,1.598
2026-08-14 09:31:55,LTCUSDT,15m,5024.354,4149.496,0.095364,0.01,43.96
2026-08-14 09:31:57,BCHUSDT,15m,1168.013,1074.332,0.041778,0.1,202.1
2026-08-14 09:31:58,APTUSDT,15m,541136.75,200178.43,0.459937,0.001,0.541
2026-08-14 09:31:59,TRXUSDT,15m,5659227.0,4812959.4,0.080811,0.0001,0.3324
2026-08-14 09:32:01,SHIBUSDT,15m,63111030573.0,52573953253.0,0.091084,0.0,4.58e-06
2026-08-14 09:32:02,UNIUSDT,15m,53354.08,42434.65,0.113995,0.001,3.23
2026-08-14 09:32:03,ATOMUSDT,15m,57168.81,41444.59,0.159453,0.001,1.518
2026-08-14 09:32:05,SUIUSDT,15m,197951.0,113347.2,0.271777,0.0001,0.68
2026-08-14 09:32:06,INJUSDT,15m,14409.59,7417.5,0.32034,0.001,4.297
2026-08-14 09:32:07,ICPUSDT,15m,42846.48,31112.62,0.158653,0.001,2.208
2026-08-14 09:32:19,BTCUSDT,15m,8.8777,0.908,0.814428,0.01,63110.0
2026-08-14 09:32:20,ETHUSDT,15m,79.6513,96.8462,-0.097423,0.01,1883.77
2026-08-14 09:32:21,SOLUSDT,15m,17284.696,12218.346,0.171723,0.01,75.59
2026-08-14 09:32:23,BNBUSDT,15m,205.12,109.802,0.302672,0.01,606.52
2026-08-14 09:32:24,XRPUSDT,15m,899296.4,865636.2,0.019072,0.0001,1.0052
2026-08-14 09:32:25,DOGEUSDT,15m,9388479.0,8979926.0,0.022242,1e-05,0.06996
2026-08-14 09:32:27,ADAUSDT,15m,2268326.4,1387719.4,0.240863,0.0001,0.1801
2026-08-14 09:32:28,AVAXUSDT,15m,19579.08,15471.55,0.117188,0.001,6.443
2026-08-14 09:32:29,DOTUSDT,15m,642399.02,351940.79,0.292112,0.001,0.764
2026-08-14 09:32:31,LINKUSDT,15m,13949.71,18026.03,-0.127482,0.001,8.873
2026-08-14 09:32:32,NEARUSDT,15m,268441.1,288321.9,-0.035708,0.001,1.599
2026-08-14 09:32:33,LTCUSDT,15m,4968.013,4240.914,0.078956,0.01,43.96
2026-08-14 09:32:35,BCHUSDT,15m,1173.723,1090.844,0.036598,0.1,202.2
2026-08-14 09:32:36,APTUSDT,15m,541147.82,193934.77,0.472346,0.001,0.542
2026-08-14 09:32:38,TRXUSDT,15m,5333291.5,4736369.6,0.059279,0.0001,0.3325
2026-08-14 09:32:39,SHIBUSDT,15m,60814484972.0,48212137676.0,0.11559,0.0,4.61e-06
2026-08-14 09:32:40,UNIUSDT,15m,52133.47,40876.63,0.121028,0.001,3.231
2026-08-14 09:32:42,ATOMUSDT,15m,61255.61,40986.61,0.198245,0.001,1.517
2026-08-14 09:32:43,SUIUSDT,15m,320567.7,126358.6,0.434544,0.0001,0.6803
2026-08-14 09:32:44,INJUSDT,15m,15564.36,5550.93,0.474226,0.001,4.282
2026-08-14 09:32:46,ICPUSDT,15m,42652.47,27818.54,0.210497,0.001,2.207
2026-08-14 09:32:57,BTCUSDT,15m,12.2322,0.9329,0.858274,0.01,63146.31
2026-08-14 09:32:58,ETHUSDT,15m,91.5809,37.4296,0.419743,0.01,1884.75
2026-08-14 09:33:00,SOLUSDT,15m,16738.695,12344.95,0.151073,0.01,75.59
2026-08-14 09:33:01,BNBUSDT,15m,196.027,126.334,0.216196,0.01,606.59
2026-08-14 09:33:03,XRPUSDT,15m,884676.6,875185.5,0.005393,0.0001,1.0053
2026-08-14 09:33:04,DOGEUSDT,15m,9223159.0,9256038.0,-0.001779,1e-05,0.06996
2026-08-14 09:33:05,ADAUSDT,15m,2224179.2,1370802.6,0.23738,0.0001,0.1801
2026-08-14 09:33:07,AVAXUSDT,15m,15600.12,18995.39,-0.098142,0.001,6.446
2026-08-14 09:33:09,DOTUSDT,15m,570928.34,346273.44,0.244935,0.001,0.765
2026-08-14 09:33:10,LINKUSDT,15m,12746.71,17987.88,-0.17053,0.001,8.877
2026-08-14 09:33:11,NEARUSDT,15m,276795.0,258251.1,0.034659,0.001,1.601
2026-08-14 09:33:13,LTCUSDT,15m,5088.61,4139.341,0.102869,0.01,43.95
2026-08-14 09:33:14,BCHUSDT,15m,1367.767,1061.076,0.12627,0.1,202.2
2026-08-14 09:33:15,APTUSDT,15m,548105.58,193646.85,0.477867,0.001,0.541
2026-08-14 09:33:17,TRXUSDT,15m,5565719.3,4753561.4,0.078703,0.0001,0.3325
2026-08-14 09:33:18,SHIBUSDT,15m,60458891491.0,50101356355.0,0.093682,0.0,4.6e-06
2026-08-14 09:33:20,UNIUSDT,15m,51196.16,38728.05,0.138651,0.001,3.231
2026-08-14 09:33:21,ATOMUSDT,15m,61498.71,36584.5,0.254011,0.001,1.516
2026-08-14 09:33:22,SUIUSDT,15m,157973.2,143341.7,0.048559,0.0001,0.6794
2026-08-14 09:33:24,INJUSDT,15m,16413.28,5562.3,0.493774,0.001,4.281
2026-08-14 09:33:25,ICPUSDT,15m,43132.34,34917.1,0.105257,0.001,2.208
2026-08-14 09:33:36,BTCUSDT,15m,11.6629,1.7528,0.738694,0.01,63156.26
2026-08-14 09:33:38,ETHUSDT,15m,104.3496,66.3886,0.222335,0.01,1885.58
2026-08-14 09:33:39,SOLUSDT,15m,17645.259,13894.599,0.118918,0.01,75.64
2026-08-14 09:33:41,BNBUSDT,15m,144.494,142.716,0.006191,0.01,606.63
2026-08-14 09:33:42,XRPUSDT,15m,890182.4,813661.1,0.044911,0.0001,1.0051
2026-08-14 09:33:43,DOGEUSDT,15m,9147855.0,9029802.0,0.006494,1e-05,0.06996
2026-08-14 09:33:45,ADAUSDT,15m,2227863.9,1377387.8,0.235899,0.0001,0.1802
2026-08-14 09:33:46,AVAXUSDT,15m,19475.4,16345.3,0.087382,0.001,6.446
2026-08-14 09:33:47,DOTUSDT,15m,641163.72,353467.11,0.28925,0.001,0.765
2026-08-14 09:33:49,LINKUSDT,15m,12491.92,18186.36,-0.185618,0.001,8.875
2026-08-14 09:33:51,NEARUSDT,15m,277242.4,258711.2,0.034576,0.001,1.602
2026-08-14 09:33:52,LTCUSDT,15m,4823.839,4180.537,0.071443,0.01,43.96
2026-08-14 09:33:53,BCHUSDT,15m,1117.458,1043.816,0.034073,0.1,202.2
2026-08-14 09:33:55,APTUSDT,15m,570676.43,203466.56,0.474344,0.001,0.543
2026-08-14 09:33:56,TRXUSDT,15m,5356834.4,4545344.1,0.081951,0.0001,0.3322
2026-08-14 09:33:57,SHIBUSDT,15m,63207877077.0,48669032400.0,0.129954,0.0,4.61e-06
2026-08-14 09:33:59,UNIUSDT,15m,51935.25,33426.47,0.216828,0.001,3.233
2026-08-14 09:34:00,ATOMUSDT,15m,58575.65,36865.97,0.227466,0.001,1.516
2026-08-14 09:34:02,SUIUSDT,15m,174661.8,145029.9,0.092689,0.0001,0.6791
2026-08-14 09:34:03,INJUSDT,15m,16308.11,7805.01,0.352634,0.001,4.285
2026-08-14 09:34:04,ICPUSDT,15m,43255.87,34918.27,0.106654,0.001,2.208
2026-08-14 09:34:16,BTCUSDT,15m,6.1276,7.2652,-0.084944,0.01,63160.01
2026-08-14 09:34:17,ETHUSDT,15m,112.0838,87.0767,0.125563,0.01,1885.52
2026-08-14 09:34:18,SOLUSDT,15m,17682.508,13841.1,0.121858,0.01,75.63
2026-08-14 09:34:20,BNBUSDT,15m,192.707,88.667,0.369757,0.01,606.67
2026-08-14 09:34:21,XRPUSDT,15m,841347.0,703299.9,0.089371,0.0001,1.0052
2026-08-14 09:34:22,DOGEUSDT,15m,9116922.0,9015477.0,0.005595,1e-05,0.06995
2026-08-14 09:34:24,ADAUSDT,15m,2280751.6,1359176.1,0.253185,0.0001,0.1802
2026-08-14 09:34:25,AVAXUSDT,15m,16984.02,16124.05,0.025975,0.001,6.446
2026-08-14 09:34:27,DOTUSDT,15m,643870.31,360739.33,0.281832,0.001,0.766
2026-08-14 09:34:28,LINKUSDT,15m,17540.01,26399.85,-0.201636,0.001,8.877
2026-08-14 09:34:29,NEARUSDT,15m,279817.3,259634.1,0.037414,0.001,1.601
2026-08-14 09:34:31,LTCUSDT,15m,4983.385,4190.538,0.086424,0.01,43.96
2026-08-14 09:34:32,BCHUSDT,15m,1101.41,1054.151,0.021924,0.1,202.2
2026-08-14 09:34:33,APTUSDT,15m,568164.09,193587.58,0.49173,0.001,0.543
2026-08-14 09:34:35,TRXUSDT,15m,5662775.9,4815484.0,0.080862,0.0001,0.3325
2026-08-14 09:34:36,SHIBUSDT,15m,65075693732.0,48505719657.0,0.145886,0.0,4.61e-06
2026-08-14 09:34:37,UNIUSDT,15m,54539.54,35694.52,0.208846,0.001,3.234
2026-08-14 09:34:39,ATOMUSDT,15m,63315.64,38672.65,0.241626,0.001,1.517
2026-08-14 09:34:40,SUIUSDT,15m,162322.4,147675.4,0.047249,0.0001,0.6791
2026-08-14 09:34:42,INJUSDT,15m,15951.12,6088.92,0.447467,0.001,4.282
2026-08-14 09:34:43,ICPUSDT,15m,45200.25,33104.44,0.154471,0.001,2.209
2026-08-14 09:34:54,BTCUSDT,15m,2.8011,15.7925,-0.698701,0.01,63160.15
2026-08-14 09:34:56,ETHUSDT,15m,30.2703,103.3908,-0.547059,0.01,1885.58
2026-08-14 09:34:57,SOLUSDT,15m,14724.996,15734.588,-0.033145,0.01,75.62
2026-08-14 09:34:59,BNBUSDT,15m,216.754,85.271,0.435338,0.01,606.7
2026-08-14 09:35:00,XRPUSDT,15m,970347.3,677072.8,0.17802,0.0001,1.0052
2026-08-14 09:35:01,DOGEUSDT,15m,9083829.0,9153645.0,-0.003828,1e-05,0.06996
2026-08-14 09:35:03,ADAUSDT,15m,2208225.4,1383067.6,0.229766,0.0001,0.1801
2026-08-14 09:35:05,AVAXUSDT,15m,20247.74,16690.73,0.096296,0.001,6.447
2026-08-14 09:35:06,DOTUSDT,15m,642708.26,365148.16,0.275396,0.001,0.765
2026-08-14 09:35:08,LINKUSDT,15m,17716.88,26222.68,-0.19358,0.001,8.878
2026-08-14 09:35:09,NEARUSDT,15m,280170.1,259737.9,0.037844,0.001,1.602
2026-08-14 09:35:11,LTCUSDT,15m,5028.757,4349.89,0.072384,0.01,43.96
2026-08-14 09:35:12,BCHUSDT,15m,1086.953,1054.688,0.015066,0.1,202.2
2026-08-14 09:35:13,APTUSDT,15m,571734.24,193597.47,0.494082,0.001,0.543
2026-08-14 09:35:15,TRXUSDT,15m,5200724.4,4801559.3,0.039907,0.0001,0.3325
2026-08-14 09:35:16,SHIBUSDT,15m,62528674935.0,48039845097.0,0.131039,0.0,4.61e-06
2026-08-14 09:35:17,UNIUSDT,15m,54421.39,34322.85,0.226477,0.001,3.238
2026-08-14 09:35:19,ATOMUSDT,15m,56267.42,41519.25,0.15082,0.001,1.517
2026-08-14 09:35:20,SUIUSDT,15m,209928.4,132533.8,0.225995,0.0001,0.6788
2026-08-14 09:35:21,INJUSDT,15m,16519.35,8201.67,0.336462,0.001,4.278
2026-08-14 09:35:23,ICPUSDT,15m,44442.68,32339.39,0.157632,0.001,2.211
2026-08-14 09:35:34,BTCUSDT,15m,10.9382,3.1502,0.552797,0.01,63163.99
2026-08-14 09:35:35,ETHUSDT,15m,13.433,151.5634,-0.837172,0.01,1886.17
2026-08-14 09:35:37,SOLUSDT,15m,14730.342,15237.153,-0.016912,0.01,75.63
2026-08-14 09:35:38,BNBUSDT,15m,214.441,36.435,0.709538,0.01,606.82
2026-08-14 09:35:39,XRPUSDT,15m,889137.1,670878.9,0.139908,0.0001,1.0053
2026-08-14 09:35:41,DOGEUSDT,15m,9363720.0,8569384.0,0.044294,1e-05,0.06997
2026-08-14 09:35:42,ADAUSDT,15m,2309494.1,1293654.2,0.281931,0.0001,0.1803
2026-08-14 09:35:44,AVAXUSDT,15m,16111.84,17241.25,-0.033862,0.001,6.449
2026-08-14 09:35:45,DOTUSDT,15m,644046.61,358371.97,0.284985,0.001,0.765
2026-08-14 09:35:46,LINKUSDT,15m,18349.99,16536.05,0.051996,0.001,8.887
2026-08-14 09:35:48,NEARUSDT,15m,276411.2,274017.6,0.004349,0.001,1.603
2026-08-14 09:35:49,LTCUSDT,15m,5209.123,4504.495,0.07254,0.01,43.95
2026-08-14 09:35:51,BCHUSDT,15m,1399.157,1060.028,0.137903,0.1,202.2
2026-08-14 09:35:52,APTUSDT,15m,555237.78,197504.19,0.475241,0.001,0.543
2026-08-14 09:35:53,TRXUSDT,15m,5577377.5,4819476.2,0.072897,0.0001,0.3324
2026-08-14 09:35:55,SHIBUSDT,15m,68637430467.0,47774810278.0,0.179213,0.0,4.62e-06
2026-08-14 09:35:56,UNIUSDT,15m,53326.94,38967.59,0.155582,0.001,3.242
2026-08-14 09:35:57,ATOMUSDT,15m,54759.63,34220.32,0.230831,0.001,1.518
2026-08-14 09:35:59,SUIUSDT,15m,205923.4,138507.4,0.195732,0.0001,0.6786
2026-08-14 09:36:00,INJUSDT,15m,17646.32,8544.37,0.347526,0.001,4.277
2026-08-14 09:36:01,ICPUSDT,15m,41523.49,29667.6,0.166536,0.001,2.211
2026-08-14 09:36:13,BTCUSDT,15m,6.5144,0.7392,0.796173,0.01,63174.4
2026-08-14 09:36:14,ETHUSDT,15m,201.7559,41.4774,0.65895,0.01,1887.01
2026-08-14 09:36:15,SOLUSDT,15m,15961.06,16490.0,-0.0163,0.01,75.66
2026-08-14 09:36:17,BNBUSDT,15m,228.03,73.5,0.512486,0.01,606.97
2026-08-14 09:36:18,XRPUSDT,15m,963872.4,870401.7,0.050958,0.0001,1.0051
2026-08-14 09:36:19,DOGEUSDT,15m,9367522.0,8770928.0,0.032891,1e-05,0.06997
2026-08-14 09:36:21,ADAUSDT,15m,2269604.1,1269670.5,0.282525,0.0001,0.1804
2026-08-14 09:36:22,AVAXUSDT,15m,17211.3,12829.4,0.145865,0.001,6.452
2026-08-14 09:36:24,DOTUSDT,15m,646825.28,352595.98,0.2944,0.001,0.766
2026-08-14 09:36:26,LINKUSDT,15m,18990.01,17037.89,0.054184,0.001,8.884
2026-08-14 09:36:27,NEARUSDT,15m,275249.7,257146.9,0.034002,0.001,1.603
2026-08-14 09:36:29,LTCUSDT,15m,5241.496,4407.38,0.086447,0.01,43.95
2026-08-14 09:36:30,BCHUSDT,15m,1118.575,1066.395,0.023881,0.1,202.4
2026-08-14 09:36:31,APTUSDT,15m,541956.93,208752.58,0.443853,0.001,0.542
2026-08-14 09:36:33,TRXUSDT,15m,5347624.4,4816566.0,0.052248,0.0001,0.3324
2026-08-14 09:36:34,SHIBUSDT,15m,67289339155.0,48713692431.0,0.160131,0.0,4.61e-06
2026-08-14 09:36:36,UNIUSDT,15m,53683.94,32667.34,0.243385,0.001,3.241
2026-08-14 09:36:37,ATOMUSDT,15m,57725.98,37822.52,0.208307,0.001,1.518
2026-08-14 09:36:38,SUIUSDT,15m,246942.7,127655.6,0.31844,0.0001,0.6795
2026-08-14 09:36:40,INJUSDT,15m,18707.43,6477.59,0.4856,0.001,4.275
2026-08-14 09:36:41,ICPUSDT,15m,43804.25,30760.87,0.174926,0.001,2.211
2026-08-14 09:36:53,BTCUSDT,15m,6.6063,8.1501,-0.104622,0.01,63198.68
2026-08-14 09:36:54,ETHUSDT,15m,95.1675,42.913,0.378435,0.01,1887.69
2026-08-14 09:36:55,SOLUSDT,15m,16560.859,14201.138,0.076709,0.01,75.68
2026-08-14 09:36:57,BNBUSDT,15m,218.306,70.892,0.509734,0.01,607.06
2026-08-14 09:36:59,XRPUSDT,15m,995344.0,704703.4,0.17096,0.0001,1.0056
2026-08-14 09:37:01,DOGEUSDT,15m,9774685.0,7895392.0,0.106355,1e-05,0.07
2026-08-14 09:37:02,ADAUSDT,15m,2202222.6,1239788.9,0.279614,0.0001,0.1806
2026-08-14 09:37:04,AVAXUSDT,15m,15403.63,13232.6,0.075814,0.001,6.459
2026-08-14 09:37:05,DOTUSDT,15m,650162.38,355423.96,0.293101,0.001,0.765
2026-08-14 09:37:06,LINKUSDT,15m,16298.57,12591.08,0.128333,0.001,8.893
2026-08-14 09:37:08,NEARUSDT,15m,275851.6,256490.1,0.03637,0.001,1.604
2026-08-14 09:37:09,LTCUSDT,15m,4731.352,3821.399,0.106393,0.01,43.95
2026-08-14 09:37:10,BCHUSDT,15m,1116.816,1080.163,0.016683,0.1,202.4
2026-08-14 09:37:12,APTUSDT,15m,553410.03,191327.64,0.486188,0.001,0.542
2026-08-14 09:37:13,TRXUSDT,15m,5289364.8,4485800.9,0.082205,0.0001,0.3324
2026-08-14 09:37:15,SHIBUSDT,15m,63423075803.0,49371619443.0,0.124576,0.0,4.61e-06
2026-08-14 09:37:16,UNIUSDT,15m,51571.46,37821.74,0.153812,0.001,3.241
2026-08-14 09:37:17,ATOMUSDT,15m,55416.37,36031.53,0.211977,0.001,1.52
2026-08-14 09:37:19,SUIUSDT,15m,159911.0,174908.0,-0.044791,0.0001,0.679
2026-08-14 09:37:20,INJUSDT,15m,16829.7,7721.89,0.370966,0.001,4.279
2026-08-14 09:37:21,ICPUSDT,15m,46729.24,31282.63,0.198003,0.001,2.21
2026-08-14 09:37:33,BTCUSDT,15m,5.7512,3.8923,0.19276,0.01,63200.0
2026-08-14 09:37:34,ETHUSDT,15m,127.2178,48.7075,0.446271,0.01,1887.32
2026-08-14 09:37:35,SOLUSDT,15m,16021.798,16279.525,-0.007979,0.01,75.64
2026-08-14 09:37:37,BNBUSDT,15m,103.667,157.515,-0.20617,0.01,607.01
2026-08-14 09:37:38,XRPUSDT,15m,871915.1,699182.4,0.109944,0.0001,1.0052
2026-08-14 09:37:39,DOGEUSDT,15m,9105472.0,8501922.0,0.034278,1e-05,0.06999
2026-08-14 09:37:41,ADAUSDT,15m,2093908.7,1206634.1,0.268827,0.0001,0.1804
2026-08-14 09:37:42,AVAXUSDT,15m,17924.3,13033.52,0.157982,0.001,6.453
2026-08-14 09:37:44,DOTUSDT,15m,645132.02,356639.0,0.287983,0.001,0.765
2026-08-14 09:37:45,LINKUSDT,15m,16154.83,12601.76,0.123557,0.001,8.893
2026-08-14 09:37:46,NEARUSDT,15m,280092.2,270997.3,0.016503,0.001,1.603
2026-08-14 09:37:48,LTCUSDT,15m,5083.757,4501.906,0.0607,0.01,43.95
2026-08-14 09:37:49,BCHUSDT,15m,1099.532,1059.027,0.018765,0.1,202.4
2026-08-14 09:37:50,APTUSDT,15m,563729.85,195853.65,0.484313,0.001,0.542
2026-08-14 09:37:52,TRXUSDT,15m,5450382.2,4688164.6,0.07518,0.0001,0.3324
2026-08-14 09:37:53,SHIBUSDT,15m,63917835234.0,47502397463.0,0.147329,0.0,4.61e-06
2026-08-14 09:37:54,UNIUSDT,15m,49148.46,31387.49,0.220535,0.001,3.246
2026-08-14 09:37:56,ATOMUSDT,15m,55212.4,33919.99,0.238885,0.001,1.521
2026-08-14 09:37:57,SUIUSDT,15m,201899.3,235694.6,-0.07723,0.0001,0.6793
2026-08-14 09:37:58,INJUSDT,15m,17447.18,7538.08,0.396598,0.001,4.285
2026-08-14 09:38:00,ICPUSDT,15m,43879.04,23279.63,0.306727,0.001,2.208
2026-08-14 09:38:11,BTCUSDT,15m,0.251,16.4962,-0.970025,0.01,63208.0
2026-08-14 09:38:13,ETHUSDT,15m,10.1523,148.9936,-0.872415,0.01,1887.73
2026-08-14 09:38:14,SOLUSDT,15m,13666.391,16152.634,-0.083378,0.01,75.65
2026-08-14 09:38:15,BNBUSDT,15m,77.779,92.19,-0.084786,0.01,607.01
2026-08-14 09:38:17,XRPUSDT,15m,782284.5,840397.4,-0.035813,0.0001,1.0048
2026-08-14 09:38:18,DOGEUSDT,15m,9273000.0,8992736.0,0.015344,1e-05,0.07
2026-08-14 09:38:20,ADAUSDT,15m,2023621.0,1234212.4,0.242311,0.0001,0.1805
2026-08-14 09:38:21,AVAXUSDT,15m,16673.99,12274.19,0.151989,0.001,6.449
2026-08-14 09:38:22,DOTUSDT,15m,646018.9,359401.74,0.285072,0.001,0.765
2026-08-14 09:38:24,LINKUSDT,15m,8008.27,10092.27,-0.115135,0.001,8.895
2026-08-14 09:38:25,NEARUSDT,15m,277586.4,275851.4,0.003135,0.001,1.602
2026-08-14 09:38:26,LTCUSDT,15m,4458.356,4482.644,-0.002716,0.01,43.96
2026-08-14 09:38:28,BCHUSDT,15m,1102.283,1078.534,0.01089,0.1,202.5
2026-08-14 09:38:29,APTUSDT,15m,524707.3,195228.77,0.45765,0.001,0.542
2026-08-14 09:38:30,TRXUSDT,15m,5461455.0,4690454.6,0.075946,0.0001,0.3324
2026-08-14 09:38:32,SHIBUSDT,15m,61976817709.0,48700352401.0,0.119957,0.0,4.61e-06
2026-08-14 09:38:33,UNIUSDT,15m,52382.75,33757.41,0.216221,0.001,3.245
2026-08-14 09:38:34,ATOMUSDT,15m,55193.86,35742.2,0.213905,0.001,1.522
2026-08-14 09:38:36,SUIUSDT,15m,200255.5,190176.5,0.025815,0.0001,0.6791
2026-08-14 09:38:37,INJUSDT,15m,15050.65,8838.0,0.260067,0.001,4.282
2026-08-14 09:38:39,ICPUSDT,15m,45314.5,22338.44,0.339617,0.001,2.206
2026-08-14 09:38:50,BTCUSDT,15m,4.7329,6.0815,-0.124704,0.01,63177.76
2026-08-14 09:38:51,ETHUSDT,15m,107.7586,86.3006,0.110575,0.01,1886.75
2026-08-14 09:38:53,SOLUSDT,15m,14707.901,15938.68,-0.04016,0.01,75.65
2026-08-14 09:38:54,BNBUSDT,15m,106.125,104.549,0.007481,0.01,607.0
2026-08-14 09:38:55,XRPUSDT,15m,935090.7,843570.7,0.051454,0.0001,1.0048
2026-08-14 09:38:57,DOGEUSDT,15m,9252039.0,8698567.0,0.030833,1e-05,0.07
2026-08-14 09:38:58,ADAUSDT,15m,2016779.8,1237159.4,0.239593,0.0001,0.1804
2026-08-14 09:38:59,AVAXUSDT,15m,15899.01,14058.63,0.061433,0.001,6.45
2026-08-14 09:39:01,DOTUSDT,15m,646618.97,364004.14,0.279644,0.001,0.766
2026-08-14 09:39:02,LINKUSDT,15m,11732.43,12518.86,-0.032428,0.001,8.881
2026-08-14 09:39:03,NEARUSDT,15m,274962.6,273663.7,0.002368,0.001,1.602
2026-08-14 09:39:05,LTCUSDT,15m,5011.704,5284.461,-0.026491,0.01,43.96
2026-08-14 09:39:06,BCHUSDT,15m,1117.606,862.462,0.128856,0.1,202.4
2026-08-14 09:39:08,APTUSDT,15m,553673.01,202226.43,0.464938,0.001,0.542
2026-08-14 09:39:09,TRXUSDT,15m,5462311.5,4674242.2,0.077745,0.0001,0.3324
2026-08-14 09:39:10,SHIBUSDT,15m,64807793554.0,48886738003.0,0.140034,0.0,4.62e-06
2026-08-14 09:39:12,UNIUSDT,15m,51142.87,33497.34,0.208477,0.001,3.248
2026-08-14 09:39:13,ATOMUSDT,15m,54762.6,35844.28,0.208796,0.001,1.522
2026-08-14 09:39:14,SUIUSDT,15m,170704.4,210188.0,-0.103661,0.0001,0.6791
2026-08-14 09:39:16,INJUSDT,15m,18197.49,7274.99,0.428796,0.001,4.281
2026-08-14 09:39:17,ICPUSDT,15m,50017.69,31423.15,0.22832,0.001,2.205
2026-08-14 09:39:29,BTCUSDT,15m,0.1803,21.2756,-0.983193,0.01,63188.47
2026-08-14 09:39:30,ETHUSDT,15m,40.1632,171.2526,-0.620055,0.01,1886.76
2026-08-14 09:39:32,SOLUSDT,15m,15489.493,16171.979,-0.021556,0.01,75.64
2026-08-14 09:39:33,BNBUSDT,15m,95.259,116.22,-0.099116,0.01,607.01
2026-08-14 09:39:34,XRPUSDT,15m,902053.5,833589.1,0.039446,0.0001,1.0048
2026-08-14 09:39:36,DOGEUSDT,15m,9395023.0,8489730.0,0.050618,1e-05,0.07001
2026-08-14 09:39:37,ADAUSDT,15m,2075936.2,1234983.5,0.253994,0.0001,0.1804
2026-08-14 09:39:38,AVAXUSDT,15m,16576.19,14942.74,0.051824,0.001,6.449
2026-08-14 09:39:40,DOTUSDT,15m,645587.35,363727.95,0.279258,0.001,0.766
2026-08-14 09:39:41,LINKUSDT,15m,8089.27,9224.77,-0.065583,0.001,8.863
2026-08-14 09:39:42,NEARUSDT,15m,276969.1,275175.0,0.003249,0.001,1.602
2026-08-14 09:39:44,LTCUSDT,15m,5273.715,5176.582,0.009295,0.01,43.95
2026-08-14 09:39:45,BCHUSDT,15m,1084.919,1047.492,0.017551,0.1,202.5
2026-08-14 09:39:46,APTUSDT,15m,563836.79,200813.48,0.474757,0.001,0.542
2026-08-14 09:39:48,TRXUSDT,15m,5505638.8,4769109.4,0.071683,0.0001,0.3325
2026-08-14 09:39:49,SHIBUSDT,15m,63204892110.0,49263952944.0,0.123954,0.0,4.6e-06
2026-08-14 09:39:50,UNIUSDT,15m,53137.17,31380.87,0.257416,0.002,3.249
2026-08-14 09:39:52,ATOMUSDT,15m,56322.03,38086.56,0.193155,0.001,1.522
2026-08-14 09:39:53,SUIUSDT,15m,161255.8,247720.0,-0.211416,0.0001,0.679
2026-08-14 09:39:54,INJUSDT,15m,18042.78,7254.76,0.426445,0.001,4.277
2026-08-14 09:39:56,ICPUSDT,15m,47030.34,32944.93,0.176122,0.001,2.204
2026-08-14 09:40:07,BTCUSDT,15m,6.4272,6.7631,-0.025468,0.01,63195.85
2026-08-14 09:40:09,ETHUSDT,15m,92.004,57.9546,0.227059,0.01,1887.22
2026-08-14 09:40:10,SOLUSDT,15m,16057.848,16161.366,-0.003213,0.01,75.65
2026-08-14 09:40:12,BNBUSDT,15m,104.238,106.29,-0.009747,0.01,607.0
2026-08-14 09:40:13,XRPUSDT,15m,946510.3,934887.2,0.006178,0.0001,1.004
2026-08-14 09:40:14,DOGEUSDT,15m,9293237.0,8659744.0,0.035286,1e-05,0.06999
2026-08-14 09:40:15,ADAUSDT,15m,2131554.6,1396235.9,0.208436,0.0001,0.1803
2026-08-14 09:40:17,AVAXUSDT,15m,14972.42,17719.3,-0.084024,0.001,6.451
2026-08-14 09:40:18,DOTUSDT,15m,650649.83,359740.66,0.287918,0.001,0.766
2026-08-14 09:40:20,LINKUSDT,15m,9372.74,9315.64,0.003055,0.001,8.857
2026-08-14 09:40:21,NEARUSDT,15m,271286.7,277903.0,-0.012047,0.001,1.599
2026-08-14 09:40:22,LTCUSDT,15m,5308.112,5211.572,0.009177,0.01,43.96
2026-08-14 09:40:24,BCHUSDT,15m,1092.471,1053.319,0.018246,0.1,202.4
2026-08-14 09:40:25,APTUSDT,15m,571293.93,197089.78,0.487002,0.001,0.543
2026-08-14 09:40:27,TRXUSDT,15m,5502513.1,4769349.3,0.071376,0.0001,0.3325
2026-08-14 09:40:28,SHIBUSDT,15m,62946103701.0,50053371063.0,0.114096,0.0,4.6e-06
2026-08-14 09:40:29,UNIUSDT,15m,52927.75,33102.62,0.230443,0.001,3.25
2026-08-14 09:40:31,ATOMUSDT,15m,56222.59,40954.9,0.157111,0.001,1.521
2026-08-14 09:40:32,SUIUSDT,15m,172121.2,238097.8,-0.160833,0.0001,0.679
2026-08-14 09:40:34,INJUSDT,15m,19460.37,7406.18,0.448669,0.001,4.281
2026-08-14 09:40:35,ICPUSDT,15m,47761.85,31497.7,0.205201,0.001,2.205
2026-08-14 09:40:46,BTCUSDT,15m,14.3104,2.5181,0.700737,0.01,63202.57
2026-08-14 09:40:48,ETHUSDT,15m,81.3519,43.4292,0.303914,0.01,1887.33
2026-08-14 09:40:49,SOLUSDT,15m,17090.223,15903.328,0.035974,0.01,75.65
2026-08-14 09:40:51,BNBUSDT,15m,182.428,85.383,0.362364,0.01,607.07
2026-08-14 09:40:52,XRPUSDT,15m,784641.7,784497.1,9.2e-05,0.0001,1.0049
2026-08-14 09:40:53,DOGEUSDT,15m,9236565.0,7755923.0,0.087135,1e-05,0.07002
2026-08-14 09:40:55,ADAUSDT,15m,2138803.4,1329007.0,0.233518,0.0001,0.1803
2026-08-14 09:40:56,AVAXUSDT,15m,19216.29,15852.12,0.095932,0.001,6.454
2026-08-14 09:40:57,DOTUSDT,15m,631426.59,346584.64,0.291246,0.001,0.766
2026-08-14 09:40:59,LINKUSDT,15m,8663.69,7147.85,0.095869,0.001,8.867
2026-08-14 09:41:00,NEARUSDT,15m,271209.2,263398.7,0.01461,0.001,1.6
2026-08-14 09:41:01,LTCUSDT,15m,5333.643,5098.555,0.022535,0.01,43.96
2026-08-14 09:41:03,BCHUSDT,15m,1121.521,956.947,0.07918,0.1,202.5
2026-08-14 09:41:04,APTUSDT,15m,569322.95,205271.44,0.46999,0.001,0.543
2026-08-14 09:41:06,TRXUSDT,15m,5504124.5,4768221.1,0.071639,0.0001,0.3325
2026-08-14 09:41:07,SHIBUSDT,15m,63604591540.0,49832286971.0,0.121409,0.0,4.6e-06
2026-08-14 09:41:09,UNIUSDT,15m,55046.38,30239.39,0.290869,0.001,3.255
2026-08-14 09:41:10,ATOMUSDT,15m,57281.13,41328.97,0.16177,0.001,1.521
2026-08-14 09:41:11,SUIUSDT,15m,177605.0,163422.5,0.041588,0.0001,0.6798
2026-08-14 09:41:13,INJUSDT,15m,18524.8,7374.44,0.430528,0.001,4.281
2026-08-14 09:41:14,ICPUSDT,15m,45069.81,30717.63,0.189374,0.001,2.208
2026-08-14 09:41:25,BTCUSDT,15m,1.0952,12.5171,-0.839082,0.01,63207.14
2026-08-14 09:41:27,ETHUSDT,15m,45.5292,91.3894,-0.334945,0.01,1887.09
2026-08-14 09:41:28,SOLUSDT,15m,14610.953,15891.075,-0.041968,0.01,75.65
2026-08-14 09:41:30,BNBUSDT,15m,95.19,141.145,-0.194449,0.01,607.19
2026-08-14 09:41:31,XRPUSDT,15m,956167.8,882911.4,0.039833,0.0001,1.0045
2026-08-14 09:41:32,DOGEUSDT,15m,8792338.0,9184015.0,-0.021788,1e-05,0.07003
2026-08-14 09:41:34,ADAUSDT,15m,2100880.4,1366106.3,0.211935,0.0001,0.1803
2026-08-14 09:41:35,AVAXUSDT,15m,18188.89,13755.97,0.138768,0.001,6.454
2026-08-14 09:41:37,DOTUSDT,15m,631152.34,380913.66,0.247255,0.001,0.766
2026-08-14 09:41:38,LINKUSDT,15m,9475.65,9228.71,0.013202,0.001,8.864
2026-08-14 09:41:39,NEARUSDT,15m,268609.2,267242.8,0.00255,0.001,1.6
2026-08-14 09:41:41,LTCUSDT,15m,5351.197,5152.657,0.018902,0.01,43.96
2026-08-14 09:41:42,BCHUSDT,15m,1123.452,1050.109,0.033743,0.1,202.5
2026-08-14 09:41:44,APTUSDT,15m,563090.58,201786.42,0.472369,0.001,0.542
2026-08-14 09:41:45,TRXUSDT,15m,5486390.7,4852659.2,0.061295,0.0001,0.3325
2026-08-14 09:41:46,SHIBUSDT,15m,64353933699.0,50400090573.0,0.121598,0.0,4.61e-06
2026-08-14 09:41:48,UNIUSDT,15m,56251.71,35117.52,0.231305,0.001,3.252
2026-08-14 09:41:49,ATOMUSDT,15m,53584.12,41329.17,0.129117,0.001,1.521
2026-08-14 09:41:51,SUIUSDT,15m,182694.4,204331.0,-0.055905,0.0001,0.6793
2026-08-14 09:41:52,INJUSDT,15m,13732.41,8451.18,0.238069,0.001,4.284
2026-08-14 09:41:53,ICPUSDT,15m,46071.88,33108.61,0.163718,0.001,2.206
2026-08-14 09:42:05,BTCUSDT,15m,14.5925,6.0787,0.411865,0.01,63207.15
2026-08-14 09:42:06,ETHUSDT,15m,21.4863,214.4079,-0.817831,0.01,1887.0
2026-08-14 09:42:07,SOLUSDT,15m,15362.138,15885.616,-0.016753,0.01,75.64
2026-08-14 09:42:09,BNBUSDT,15m,166.876,166.737,0.000417,0.01,607.1
2026-08-14 09:42:10,XRPUSDT,15m,867569.7,867115.0,0.000262,0.0001,1.0047
2026-08-14 09:42:12,DOGEUSDT,15m,8889301.0,9463146.0,-0.031268,1e-05,0.07001
2026-08-14 09:42:13,ADAUSDT,15m,2085964.7,1356051.6,0.21206,0.0001,0.1804
2026-08-14 09:42:14,AVAXUSDT,15m,16296.28,15658.27,0.019966,0.001,6.453
2026-08-14 09:42:16,DOTUSDT,15m,630990.45,358535.12,0.275339,0.001,0.766
2026-08-14 09:42:17,LINKUSDT,15m,8409.59,9529.81,-0.062445,0.001,8.853
2026-08-14 09:42:19,NEARUSDT,15m,276912.2,272024.5,0.008904,0.001,1.6
2026-08-14 09:42:20,LTCUSDT,15m,5020.053,5231.384,-0.020615,0.01,43.95
2026-08-14 09:42:21,BCHUSDT,15m,1095.837,1051.176,0.020801,0.1,202.5
2026-08-14 09:42:23,APTUSDT,15m,558090.77,213242.53,0.447081,0.001,0.542
2026-08-14 09:42:24,TRXUSDT,15m,5527167.8,4847310.4,0.065532,0.0001,0.3325
2026-08-14 09:42:25,SHIBUSDT,15m,61165023596.0,50175883562.0,0.098698,0.0,4.61e-06
2026-08-14 09:42:27,UNIUSDT,15m,53673.05,35056.5,0.209812,0.001,3.248
2026-08-14 09:42:28,ATOMUSDT,15m,52847.71,40947.09,0.126879,0.001,1.521
2026-08-14 09:42:30,SUIUSDT,15m,175243.7,231512.7,-0.138336,0.0001,0.6789
2026-08-14 09:42:31,INJUSDT,15m,15337.41,7317.93,0.353977,0.001,4.283
2026-08-14 09:42:32,ICPUSDT,15m,43842.47,36442.89,0.092166,0.001,2.203
2026-08-14 09:42:44,BTCUSDT,15m,6.429,1.4457,0.632814,0.01,63202.0
2026-08-14 09:42:45,ETHUSDT,15m,72.3151,133.6239,-0.297704,0.01,1886.76
2026-08-14 09:42:47,SOLUSDT,15m,15274.322,17066.925,-0.055428,0.01,75.61
2026-08-14 09:42:48,BNBUSDT,15m,97.923,183.006,-0.302863,0.01,606.96
2026-08-14 09:42:49,XRPUSDT,15m,860196.1,819041.3,0.024508,0.0001,1.0047
2026-08-14 09:42:51,DOGEUSDT,15m,8950653.0,9565199.0,-0.03319,1e-05,0.06999
2026-08-14 09:42:52,ADAUSDT,15m,2143556.9,1340979.8,0.230325,0.0001,0.1804
2026-08-14 09:42:54,AVAXUSDT,15m,13631.67,13108.67,0.019558,0.001,6.453
2026-08-14 09:42:55,DOTUSDT,15m,651513.57,358680.94,0.289877,0.001,0.765
2026-08-14 09:42:56,LINKUSDT,15m,9344.71,8564.53,0.043563,0.001,8.845
2026-08-14 09:42:58,NEARUSDT,15m,279393.7,270814.8,0.015592,0.001,1.6
2026-08-14 09:42:59,LTCUSDT,15m,5244.162,5229.527,0.001397,0.01,43.95
2026-08-14 09:43:00,BCHUSDT,15m,1099.18,1061.451,0.017462,0.1,202.6
2026-08-14 09:43:02,APTUSDT,15m,553735.68,221701.61,0.428189,0.001,0.543
2026-08-14 09:43:03,TRXUSDT,15m,5603845.6,4775633.6,0.079793,0.0001,0.3325
2026-08-14 09:43:04,SHIBUSDT,15m,63813998238.0,50542600664.0,0.116053,0.0,4.6e-06
2026-08-14 09:43:06,UNIUSDT,15m,55535.97,33123.79,0.252789,0.001,3.249
2026-08-14 09:43:07,ATOMUSDT,15m,53253.59,40932.61,0.130815,0.001,1.521
2026-08-14 09:43:08,SUIUSDT,15m,171000.5,213830.9,-0.111297,0.0001,0.6789
2026-08-14 09:43:10,INJUSDT,15m,15760.73,8717.11,0.287755,0.001,4.282
2026-08-14 09:43:11,ICPUSDT,15m,47284.84,34540.59,0.155749,0.002,2.203
2026-08-14 09:43:23,BTCUSDT,15m,18.2803,11.5855,0.224165,0.01,63200.0
2026-08-14 09:43:24,ETHUSDT,15m,51.0948,134.7189,-0.450043,0.01,1886.52
2026-08-14 09:43:25,SOLUSDT,15m,15827.091,15490.997,0.010732,0.01,75.58
2026-08-14 09:43:27,BNBUSDT,15m,94.97,98.986,-0.020706,0.01,606.95
2026-08-14 09:43:28,XRPUSDT,15m,935209.7,871462.8,0.035284,0.0001,1.0044
2026-08-14 09:43:29,DOGEUSDT,15m,8719892.0,9698243.0,-0.053119,1e-05,0.06999
2026-08-14 09:43:31,ADAUSDT,15m,2136606.7,1352537.2,0.224717,0.0001,0.1803
2026-08-14 09:43:32,AVAXUSDT,15m,16470.33,13492.88,0.09937,0.001,6.449
2026-08-14 09:43:34,DOTUSDT,15m,653031.35,379440.7,0.264986,0.001,0.765
2026-08-14 09:43:35,LINKUSDT,15m,9767.75,7354.96,0.140912,0.001,8.852
2026-08-14 09:43:36,NEARUSDT,15m,280425.2,274331.0,0.010985,0.001,1.6
2026-08-14 09:43:38,LTCUSDT,15m,5023.325,5456.719,-0.041354,0.01,43.93
2026-08-14 09:43:39,BCHUSDT,15m,1099.407,1066.401,0.01524,0.1,202.4
2026-08-14 09:43:40,APTUSDT,15m,543289.99,228403.46,0.408046,0.001,0.541
2026-08-14 09:43:42,TRXUSDT,15m,5553262.3,4764787.4,0.076417,0.0001,0.3325
2026-08-14 09:43:43,SHIBUSDT,15m,65100511848.0,49972293898.0,0.131466,0.0,4.6e-06
2026-08-14 09:43:44,UNIUSDT,15m,55680.76,33675.35,0.246266,0.001,3.248
2026-08-14 09:43:46,ATOMUSDT,15m,53171.58,40948.13,0.129871,0.001,1.52
2026-08-14 09:43:47,SUIUSDT,15m,164868.6,213107.2,-0.127624,0.0001,0.6789
2026-08-14 09:43:49,INJUSDT,15m,24534.51,8059.02,0.505483,0.001,4.288
2026-08-14 09:43:50,ICPUSDT,15m,47155.63,34813.28,0.150574,0.001,2.203
2026-08-14 09:44:01,BTCUSDT,15m,58.3317,4.4487,0.858277,0.01,63200.0
2026-08-14 09:44:03,ETHUSDT,15m,77.8084,67.2109,0.073076,0.01,1886.51
2026-08-14 09:44:04,SOLUSDT,15m,19250.69,15264.719,0.115484,0.01,75.59
2026-08-14 09:44:05,BNBUSDT,15m,96.692,140.274,-0.183917,0.01,606.99
2026-08-14 09:44:07,XRPUSDT,15m,988923.0,811255.8,0.098694,0.0001,1.0044
2026-08-14 09:44:08,DOGEUSDT,15m,8329495.0,9607356.0,-0.071242,1e-05,0.06998
2026-08-14 09:44:09,ADAUSDT,15m,2069230.9,1358741.6,0.207262,0.0001,0.1803
2026-08-14 09:44:11,AVAXUSDT,15m,18057.78,15147.43,0.087647,0.001,6.449
2026-08-14 09:44:12,DOTUSDT,15m,651600.68,384615.19,0.257654,0.001,0.765
2026-08-14 09:44:13,LINKUSDT,15m,10263.5,6168.24,0.249229,0.001,8.856
2026-08-14 09:44:15,NEARUSDT,15m,281265.1,273891.8,0.013281,0.001,1.6
2026-08-14 09:44:16,LTCUSDT,15m,5001.07,5337.866,-0.032575,0.01,43.92
2026-08-14 09:44:18,BCHUSDT,15m,1092.357,1072.998,0.00894,0.1,202.4
2026-08-14 09:44:19,APTUSDT,15m,542798.88,238559.63,0.389372,0.001,0.542
2026-08-14 09:44:20,TRXUSDT,15m,5535962.3,4832505.2,0.067846,0.0001,0.3324
2026-08-14 09:44:22,SHIBUSDT,15m,67848708577.0,51303214993.0,0.13886,0.0,4.59e-06
2026-08-14 09:44:23,UNIUSDT,15m,53540.36,33695.11,0.227491,0.001,3.247
2026-08-14 09:44:25,ATOMUSDT,15m,56026.44,40283.48,0.163461,0.001,1.52
2026-08-14 09:44:26,SUIUSDT,15m,148499.5,255218.8,-0.264341,0.0001,0.6788
2026-08-14 09:44:27,INJUSDT,15m,25435.19,9084.25,0.473673,0.001,4.289
2026-08-14 09:44:29,ICPUSDT,15m,51871.65,35255.04,0.190718,0.001,2.203
2026-08-14 09:44:40,BTCUSDT,15m,14.4926,2.4968,0.706079,0.01,63204.84
2026-08-14 09:44:42,ETHUSDT,15m,18.3587,182.3767,-0.817086,0.01,1886.4
2026-08-14 09:44:43,SOLUSDT,15m,18965.808,15391.724,0.104026,0.01,75.58
2026-08-14 09:44:44,BNBUSDT,15m,97.187,140.783,-0.1832,0.01,606.98
2026-08-14 09:44:46,XRPUSDT,15m,1102346.4,737508.4,0.198297,0.0001,1.0044
2026-08-14 09:44:47,DOGEUSDT,15m,8364722.0,9662772.0,-0.072004,1e-05,0.06999
2026-08-14 09:44:48,ADAUSDT,15m,2107937.5,1423020.9,0.193975,0.0001,0.1802
2026-08-14 09:44:50,AVAXUSDT,15m,16172.8,14981.29,0.038246,0.001,6.449
2026-08-14 09:44:51,DOTUSDT,15m,646799.74,386209.54,0.252263,0.001,0.765
2026-08-14 09:44:52,LINKUSDT,15m,10141.44,7749.66,0.133685,0.001,8.857
2026-08-14 09:44:54,NEARUSDT,15m,282099.3,265038.4,0.031182,0.001,1.599
2026-08-14 09:44:55,LTCUSDT,15m,6951.015,4733.54,0.189778,0.01,43.92
2026-08-14 09:44:57,BCHUSDT,15m,850.953,1072.742,-0.115293,0.1,202.4
2026-08-14 09:44:58,APTUSDT,15m,576657.53,238264.53,0.415246,0.001,0.541
2026-08-14 09:45:00,TRXUSDT,15m,5446149.4,4755869.9,0.067661,0.0001,0.3325
2026-08-14 09:45:02,SHIBUSDT,15m,67750112303.0,48927242479.0,0.161324,0.0,4.6e-06
2026-08-14 09:45:03,UNIUSDT,15m,53796.43,38356.24,0.16755,0.001,3.249
2026-08-14 09:45:04,ATOMUSDT,15m,53859.95,40257.27,0.144529,0.001,1.521
2026-08-14 09:45:06,SUIUSDT,15m,172125.8,245997.7,-0.176675,0.0001,0.6788
2026-08-14 09:45:07,INJUSDT,15m,22720.21,7958.7,0.481161,0.001,4.293
2026-08-14 09:45:09,ICPUSDT,15m,51594.46,35691.39,0.182195,0.001,2.203
2026-08-14 09:45:20,BTCUSDT,15m,9.9329,5.9938,0.247325,0.01,63210.31
2026-08-14 09:45:22,ETHUSDT,15m,27.6574,161.3853,-0.707395,0.01,1886.13
2026-08-14 09:45:23,SOLUSDT,15m,16694.003,15869.461,0.025321,0.01,75.59
2026-08-14 09:45:24,BNBUSDT,15m,201.147,297.338,-0.192967,0.01,606.75
2026-08-14 09:45:26,XRPUSDT,15m,1079570.7,828340.7,0.131678,0.0001,1.0045
2026-08-14 09:45:28,DOGEUSDT,15m,8683587.0,8897503.0,-0.012167,1e-05,0.06998
2026-08-14 09:45:29,ADAUSDT,15m,2136509.9,1399283.9,0.208504,0.0001,0.1802
2026-08-14 09:45:30,AVAXUSDT,15m,18018.16,17433.56,0.01649,0.001,6.449
2026-08-14 09:45:32,DOTUSDT,15m,645879.65,385652.94,0.252272,0.001,0.765
2026-08-14 09:45:33,LINKUSDT,15m,12068.1,7602.89,0.226995,0.001,8.854
2026-08-14 09:45:34,NEARUSDT,15m,274485.4,276333.5,-0.003355,0.001,1.6
2026-08-14 09:45:36,LTCUSDT,15m,6860.632,4807.745,0.175936,0.01,43.93
2026-08-14 09:45:37,BCHUSDT,15m,1088.512,1077.291,0.005181,0.1,202.4
2026-08-14 09:45:38,APTUSDT,15m,577236.22,237348.56,0.417253,0.001,0.541
2026-08-14 09:45:40,TRXUSDT,15m,5445385.0,4773306.6,0.06577,0.0001,0.3324
2026-08-14 09:45:41,SHIBUSDT,15m,66496893156.0,51464830409.0,0.127432,0.0,4.6e-06
2026-08-14 09:45:42,UNIUSDT,15m,55786.43,39780.45,0.167485,0.001,3.246
2026-08-14 09:45:44,ATOMUSDT,15m,53456.43,39869.91,0.145581,0.001,1.521
2026-08-14 09:45:45,SUIUSDT,15m,168676.0,356952.4,-0.358193,0.0001,0.6788
2026-08-14 09:45:47,INJUSDT,15m,18534.82,7401.58,0.429252,0.001,4.287
2026-08-14 09:45:48,ICPUSDT,15m,49983.49,35053.06,0.175577,0.001,2.203
2026-08-14 09:46:02,BTCUSDT,15m,7.1099,5.783,0.102919,0.01,63204.84
2026-08-14 09:46:06,ETHUSDT,15m,37.7031,70.9649,-0.306086,0.01,1885.86
2026-08-14 09:46:08,SOLUSDT,15m,17396.501,15129.244,0.069707,0.01,75.57
2026-08-14 09:46:09,BNBUSDT,15m,146.604,157.015,-0.03429,0.01,606.79
2026-08-14 09:46:11,XRPUSDT,15m,943156.2,963384.7,-0.01061,0.0001,1.0044
2026-08-14 09:46:12,DOGEUSDT,15m,8286030.0,9707900.0,-0.079019,1e-05,0.06996
2026-08-14 09:46:14,ADAUSDT,15m,2093318.4,1428789.8,0.188674,0.0001,0.1801
2026-08-14 09:46:15,AVAXUSDT,15m,17945.01,16582.49,0.039462,0.001,6.446
2026-08-14 09:46:17,DOTUSDT,15m,638823.71,390065.31,0.241774,0.001,0.765
2026-08-14 09:46:18,LINKUSDT,15m,10284.4,8081.99,0.119915,0.001,8.853
2026-08-14 09:46:20,NEARUSDT,15m,270271.8,276136.6,-0.010733,0.001,1.6
2026-08-14 09:46:22,LTCUSDT,15m,6843.62,4902.513,0.165255,0.01,43.92
2026-08-14 09:46:24,BCHUSDT,15m,1052.19,1053.355,-0.000553,0.1,202.3
2026-08-14 09:46:26,APTUSDT,15m,571080.34,239010.34,0.409917,0.001,0.541
2026-08-14 09:46:28,TRXUSDT,15m,5473413.8,4766853.8,0.068998,0.0001,0.3324
2026-08-14 09:46:29,SHIBUSDT,15m,64633246501.0,50984557234.0,0.11805,0.0,4.59e-06
2026-08-14 09:46:30,UNIUSDT,15m,49484.21,38963.29,0.118951,0.001,3.244
2026-08-14 09:46:32,ATOMUSDT,15m,54616.05,44428.94,0.102853,0.001,1.52
2026-08-14 09:46:33,SUIUSDT,15m,150286.4,435309.2,-0.486723,0.0001,0.6785
2026-08-14 09:46:34,INJUSDT,15m,20683.84,8545.61,0.415274,0.001,4.285
2026-08-14 09:46:36,ICPUSDT,15m,47738.72,35179.42,0.151466,0.001,2.209
2026-08-14 09:46:47,BTCUSDT,15m,5.7156,7.7728,-0.152519,0.01,63145.14
2026-08-14 09:46:49,ETHUSDT,15m,61.5514,85.9723,-0.165539,0.01,1884.4
2026-08-14 09:46:50,SOLUSDT,15m,16854.645,13193.411,0.121846,0.01,75.53
2026-08-14 09:46:52,BNBUSDT,15m,153.878,163.169,-0.029305,0.01,606.51
2026-08-14 09:46:53,XRPUSDT,15m,865998.8,900130.6,-0.019326,0.0001,1.0033
2026-08-14 09:46:55,DOGEUSDT,15m,8452298.0,9606155.0,-0.063896,1e-05,0.06992
2026-08-14 09:46:57,ADAUSDT,15m,2148913.0,1462312.0,0.19013,0.0001,0.1799
2026-08-14 09:46:58,AVAXUSDT,15m,16769.72,14630.05,0.068143,0.001,6.441
2026-08-14 09:47:00,DOTUSDT,15m,579706.83,378229.29,0.210325,0.001,0.764
2026-08-14 09:47:02,LINKUSDT,15m,11731.25,9690.96,0.095242,0.001,8.847
2026-08-14 09:47:05,NEARUSDT,15m,275089.5,279952.8,-0.008762,0.001,1.599
2026-08-14 09:47:06,LTCUSDT,15m,6767.925,5015.802,0.14869,0.01,43.91
2026-08-14 09:47:07,BCHUSDT,15m,1056.663,1087.429,-0.014349,0.1,202.4
2026-08-14 09:47:09,APTUSDT,15m,577158.04,232695.13,0.42534,0.001,0.542
2026-08-14 09:47:10,TRXUSDT,15m,5299802.5,4954716.1,0.033652,0.0001,0.3324
2026-08-14 09:47:11,SHIBUSDT,15m,60672251806.0,52009578720.0,0.076877,0.0,4.58e-06
2026-08-14 09:47:13,UNIUSDT,15m,51819.27,39500.62,0.134896,0.001,3.246
2026-08-14 09:47:14,ATOMUSDT,15m,56759.17,44555.77,0.12045,0.001,1.519
2026-08-14 09:47:16,SUIUSDT,15m,170481.9,473794.4,-0.47078,0.0001,0.6783
2026-08-14 09:47:17,INJUSDT,15m,13966.99,6481.77,0.366048,0.001,4.283
2026-08-14 09:47:18,ICPUSDT,15m,46716.93,35558.67,0.135621,0.001,2.208
2026-08-14 09:47:30,BTCUSDT,15m,9.803,6.387,0.210991,0.01,63149.99
2026-08-14 09:47:31,ETHUSDT,15m,148.2084,76.9123,0.316702,0.01,1884.33
2026-08-14 09:47:32,SOLUSDT,15m,16011.496,13865.311,0.071834,0.01,75.51
2026-08-14 09:47:34,BNBUSDT,15m,137.278,181.117,-0.137687,0.01,606.51
2026-08-14 09:47:35,XRPUSDT,15m,1001466.8,939723.6,0.031807,0.0001,1.0028
2026-08-14 09:47:37,DOGEUSDT,15m,8844461.0,9405429.0,-0.030738,1e-05,0.06988
2026-08-14 09:47:38,ADAUSDT,15m,2172285.3,1448792.0,0.199801,0.0001,0.1799
2026-08-14 09:47:39,AVAXUSDT,15m,16813.37,15117.5,0.053111,0.001,6.442
2026-08-14 09:47:41,DOTUSDT,15m,637628.03,412759.08,0.214082,0.001,0.765
2026-08-14 09:47:42,LINKUSDT,15m,13911.98,9675.37,0.179614,0.001,8.846
2026-08-14 09:47:44,NEARUSDT,15m,275998.2,274282.9,0.003117,0.001,1.598
2026-08-14 09:47:45,LTCUSDT,15m,6046.548,5453.318,0.051586,0.01,43.92
2026-08-14 09:47:46,BCHUSDT,15m,1044.84,1077.231,-0.015264,0.1,202.2
2026-08-14 09:47:48,APTUSDT,15m,572261.77,237455.39,0.413486,0.001,0.542
2026-08-14 09:47:49,TRXUSDT,15m,5299423.3,4952556.6,0.033834,0.0001,0.3324
2026-08-14 09:47:50,SHIBUSDT,15m,62254336578.0,52527433379.0,0.084743,0.0,4.58e-06
2026-08-14 09:47:52,UNIUSDT,15m,50676.05,38730.56,0.133609,0.001,3.247
2026-08-14 09:47:53,ATOMUSDT,15m,58142.8,38854.07,0.198859,0.001,1.519
2026-08-14 09:47:54,SUIUSDT,15m,207097.3,449461.5,-0.369143,0.0001,0.6785
2026-08-14 09:47:56,INJUSDT,15m,16994.98,6056.36,0.474533,0.001,4.28
2026-08-14 09:47:58,ICPUSDT,15m,47330.34,35396.8,0.144252,0.001,2.208
2026-08-14 09:48:09,BTCUSDT,15m,12.4687,0.2958,0.95365,0.01,63159.45
2026-08-14 09:48:10,ETHUSDT,15m,149.9413,12.5647,0.845363,0.01,1884.99
2026-08-14 09:48:12,SOLUSDT,15m,14975.091,13468.082,0.052983,0.01,75.5
2026-08-14 09:48:14,BNBUSDT,15m,198.49,79.391,0.428597,0.01,606.68
2026-08-14 09:48:15,XRPUSDT,15m,932485.2,787756.2,0.084133,0.0001,1.0031
2026-08-14 09:48:18,DOGEUSDT,15m,8841828.0,9364291.0,-0.028697,1e-05,0.0699
2026-08-14 09:48:19,ADAUSDT,15m,1983318.1,1474205.1,0.147248,0.0001,0.1799
2026-08-14 09:48:21,AVAXUSDT,15m,17007.02,15138.5,0.058127,0.001,6.441
2026-08-14 09:48:23,DOTUSDT,15m,647108.32,403823.98,0.231494,0.001,0.765
2026-08-14 09:48:25,LINKUSDT,15m,12145.16,8428.15,0.180671,0.001,8.842
2026-08-14 09:48:26,NEARUSDT,15m,277689.6,269949.3,0.014134,0.001,1.6
2026-08-14 09:48:27,LTCUSDT,15m,6225.518,5205.116,0.089269,0.01,43.92
2026-08-14 09:48:29,BCHUSDT,15m,1086.07,1092.101,-0.002769,0.1,202.4
2026-08-14 09:48:30,APTUSDT,15m,576980.43,237458.01,0.416879,0.001,0.542
2026-08-14 09:48:32,TRXUSDT,15m,5289713.1,4954683.9,0.032704,0.0001,0.3323
2026-08-14 09:48:33,SHIBUSDT,15m,65571438892.0,52494364054.0,0.110761,0.0,4.58e-06
2026-08-14 09:48:35,UNIUSDT,15m,52718.77,38372.08,0.157499,0.001,3.248
2026-08-14 09:48:36,ATOMUSDT,15m,58639.48,38462.85,0.207787,0.001,1.519
2026-08-14 09:48:37,SUIUSDT,15m,183648.9,451061.6,-0.421314,0.0001,0.6784
2026-08-14 09:48:39,INJUSDT,15m,17129.17,7473.6,0.392459,0.001,4.277
2026-08-14 09:48:41,ICPUSDT,15m,51941.39,36238.62,0.178076,0.001,2.206
2026-08-14 09:48:52,BTCUSDT,15m,12.0736,3.0236,0.599456,0.01,63183.1
2026-08-14 09:48:54,ETHUSDT,15m,100.9249,66.2624,0.207327,0.01,1885.87
2026-08-14 09:48:55,SOLUSDT,15m,16924.62,11017.75,0.211395,0.01,75.53
2026-08-14 09:48:56,BNBUSDT,15m,273.168,90.429,0.502587,0.01,606.78
2026-08-14 09:48:58,XRPUSDT,15m,1038912.9,867765.3,0.089762,0.0001,1.0037
2026-08-14 09:48:59,DOGEUSDT,15m,9179218.0,9397575.0,-0.011754,1e-05,0.06993
2026-08-14 09:49:01,ADAUSDT,15m,2156446.1,1467224.6,0.1902,0.0001,0.18
2026-08-14 09:49:02,AVAXUSDT,15m,15843.4,17474.98,-0.048969,0.001,6.446
2026-08-14 09:49:05,DOTUSDT,15m,647666.4,363327.59,0.281247,0.001,0.765
2026-08-14 09:49:06,LINKUSDT,15m,11464.83,9517.04,0.092832,0.001,8.848
2026-08-14 09:49:07,NEARUSDT,15m,276930.1,274125.7,0.005089,0.001,1.601
2026-08-14 09:49:09,LTCUSDT,15m,6397.295,5161.137,0.106949,0.01,43.93
2026-08-14 09:49:11,BCHUSDT,15m,1107.582,1074.87,0.014989,0.1,202.4
2026-08-14 09:49:13,APTUSDT,15m,568724.05,237405.9,0.410998,0.001,0.542
2026-08-14 09:49:15,TRXUSDT,15m,5222534.8,4720834.1,0.050456,0.0001,0.3323
2026-08-14 09:49:16,SHIBUSDT,15m,64629303490.0,54492842701.0,0.085093,0.0,4.59e-06
2026-08-14 09:49:17,UNIUSDT,15m,52190.53,39272.12,0.141242,0.001,3.248
2026-08-14 09:49:19,ATOMUSDT,15m,54456.26,38666.13,0.169563,0.001,1.518
2026-08-14 09:49:20,SUIUSDT,15m,199442.6,374457.4,-0.304957,0.0001,0.6785
2026-08-14 09:49:22,INJUSDT,15m,17311.35,5834.29,0.495863,0.001,4.281
2026-08-14 09:49:23,ICPUSDT,15m,44574.14,35154.27,0.118149,0.001,2.208
2026-08-14 09:49:34,BTCUSDT,15m,7.1448,4.5768,0.219082,0.01,63186.56
2026-08-14 09:49:36,ETHUSDT,15m,96.026,118.6678,-0.105461,0.01,1886.03
2026-08-14 09:49:37,SOLUSDT,15m,17113.666,11439.838,0.198709,0.01,75.53
2026-08-14 09:49:39,BNBUSDT,15m,154.13,155.622,-0.004817,0.01,606.85
2026-08-14 09:49:40,XRPUSDT,15m,826656.6,993271.6,-0.09155,0.0001,1.0026
2026-08-14 09:49:41,DOGEUSDT,15m,9075158.0,9385031.0,-0.016786,1e-05,0.06995
2026-08-14 09:49:44,ADAUSDT,15m,1976035.4,1413142.5,0.166085,0.0001,0.1799
2026-08-14 09:49:45,AVAXUSDT,15m,19542.92,16325.45,0.089702,0.001,6.447
2026-08-14 09:49:47,DOTUSDT,15m,646918.3,364261.33,0.279532,0.001,0.766
2026-08-14 09:49:48,LINKUSDT,15m,12155.13,8357.6,0.18513,0.001,8.852
2026-08-14 09:49:50,NEARUSDT,15m,278687.8,274030.7,0.008426,0.001,1.601
2026-08-14 09:49:51,LTCUSDT,15m,6636.06,4887.668,0.151721,0.01,43.95
2026-08-14 09:49:52,BCHUSDT,15m,1135.23,1211.905,-0.032667,0.1,202.5
2026-08-14 09:49:55,APTUSDT,15m,570362.89,237396.68,0.41221,0.001,0.542
2026-08-14 09:49:56,TRXUSDT,15m,5232279.4,4761997.4,0.047055,0.0001,0.3322
2026-08-14 09:49:57,SHIBUSDT,15m,65476127401.0,54614858809.0,0.090442,0.0,4.59e-06
2026-08-14 09:49:59,UNIUSDT,15m,51934.88,43153.29,0.092352,0.001,3.248
2026-08-14 09:50:00,ATOMUSDT,15m,54456.26,37563.58,0.183576,0.001,1.518
2026-08-14 09:50:02,SUIUSDT,15m,182896.0,315567.6,-0.266161,0.0001,0.6789
2026-08-14 09:50:03,INJUSDT,15m,16908.47,5747.78,0.49261,0.001,4.28
2026-08-14 09:50:05,ICPUSDT,15m,47130.51,35156.62,0.145514,0.001,2.209
2026-08-14 09:50:16,BTCUSDT,15m,4.7359,9.9563,-0.355317,0.01,63160.0
2026-08-14 09:50:18,ETHUSDT,15m,63.9574,112.8807,-0.276656,0.01,1885.64
2026-08-14 09:50:19,SOLUSDT,15m,15408.642,11755.64,0.134478,0.01,75.54
2026-08-14 09:50:20,BNBUSDT,15m,90.177,217.686,-0.414174,0.01,606.83
2026-08-14 09:50:22,XRPUSDT,15m,793215.8,878812.4,-0.051193,0.0001,1.0021
2026-08-14 09:50:23,DOGEUSDT,15m,8640921.0,9595546.0,-0.052347,1e-05,0.06991
2026-08-14 09:50:25,ADAUSDT,15m,2109160.9,1372477.0,0.211591,0.0001,0.1798
2026-08-14 09:50:27,AVAXUSDT,15m,17778.54,14586.72,0.098619,0.001,6.447
2026-08-14 09:50:28,DOTUSDT,15m,632198.34,382567.81,0.245998,0.001,0.766
2026-08-14 09:50:29,LINKUSDT,15m,10533.73,9263.59,0.064157,0.001,8.849
2026-08-14 09:50:31,NEARUSDT,15m,283659.9,264874.5,0.034247,0.001,1.6
2026-08-14 09:50:32,LTCUSDT,15m,6261.483,4929.094,0.119063,0.01,43.94
2026-08-14 09:50:34,BCHUSDT,15m,1121.543,1292.275,-0.070731,0.1,202.5
2026-08-14 09:50:35,APTUSDT,15m,570617.83,237071.78,0.412963,0.001,0.542
2026-08-14 09:50:36,TRXUSDT,15m,5223786.9,4785956.2,0.04374,0.0001,0.3322
2026-08-14 09:50:38,SHIBUSDT,15m,64231506554.0,55241950596.0,0.075243,0.0,4.59e-06
2026-08-14 09:50:40,UNIUSDT,15m,50049.27,39929.98,0.112462,0.001,3.245
2026-08-14 09:50:41,ATOMUSDT,15m,53874.13,42063.48,0.123108,0.001,1.517
2026-08-14 09:50:43,SUIUSDT,15m,226152.8,170099.9,0.141457,0.0001,0.6791
2026-08-14 09:50:44,INJUSDT,15m,20361.41,5186.91,0.593953,0.001,4.281
2026-08-14 09:50:46,ICPUSDT,15m,47008.19,36208.95,0.129772,0.001,2.209
2026-08-14 09:50:57,BTCUSDT,15m,6.7677,5.1075,0.139806,0.01,63127.93
2026-08-14 09:50:59,ETHUSDT,15m,30.6001,102.1101,-0.538843,0.01,1884.77
2026-08-14 09:51:00,SOLUSDT,15m,13838.721,13824.843,0.000502,0.01,75.47
2026-08-14 09:51:01,BNBUSDT,15m,85.75,203.305,-0.406687,0.01,606.63
2026-08-14 09:51:03,XRPUSDT,15m,1487388.7,914979.2,0.238269,0.0001,1.0011
2026-08-14 09:51:04,DOGEUSDT,15m,8975825.0,9021231.0,-0.002523,1e-05,0.06991
2026-08-14 09:51:06,ADAUSDT,15m,2168107.1,1360501.8,0.228874,0.0001,0.1799
2026-08-14 09:51:07,AVAXUSDT,15m,18462.43,15723.89,0.080106,0.001,6.446
2026-08-14 09:51:08,DOTUSDT,15m,645451.4,382077.3,0.256318,0.001,0.766
2026-08-14 09:51:10,LINKUSDT,15m,8904.52,8897.77,0.000379,0.001,8.846
2026-08-14 09:51:12,NEARUSDT,15m,287020.4,288024.5,-0.001746,0.001,1.6
2026-08-14 09:51:13,LTCUSDT,15m,6537.52,4847.5,0.148442,0.01,43.95
2026-08-14 09:51:14,BCHUSDT,15m,1378.388,1321.358,0.021124,0.1,202.4
2026-08-14 09:51:16,APTUSDT,15m,570361.22,236588.38,0.413623,0.001,0.542
2026-08-14 09:51:17,TRXUSDT,15m,5020373.4,4644683.4,0.038871,0.0001,0.3322
2026-08-14 09:51:18,SHIBUSDT,15m,64762050750.0,54981307355.0,0.081681,0.0,4.58e-06
2026-08-14 09:51:20,UNIUSDT,15m,51056.66,39665.33,0.125563,0.001,3.243
2026-08-14 09:51:21,ATOMUSDT,15m,57117.24,44700.17,0.121954,0.001,1.517
2026-08-14 09:51:23,SUIUSDT,15m,185117.6,175584.8,0.026428,0.0001,0.6792
2026-08-14 09:51:24,INJUSDT,15m,21429.38,5073.64,0.617127,0.001,4.278
2026-08-14 09:51:25,ICPUSDT,15m,47355.25,35814.51,0.138761,0.001,2.211
2026-08-14 09:51:37,BTCUSDT,15m,3.1883,15.7672,-0.663597,0.01,63143.58
2026-08-14 09:51:38,ETHUSDT,15m,150.5354,61.7317,0.418358,0.01,1884.98
2026-08-14 09:51:39,SOLUSDT,15m,15077.96,13057.399,0.071816,0.01,75.48
2026-08-14 09:51:41,BNBUSDT,15m,111.36,124.896,-0.057294,0.01,606.64
2026-08-14 09:51:42,XRPUSDT,15m,1468852.3,806694.7,0.290988,0.0001,1.0018
2026-08-14 09:51:43,DOGEUSDT,15m,9005394.0,9525995.0,-0.028093,1e-05,0.06991
2026-08-14 09:51:45,ADAUSDT,15m,2180676.9,1359703.8,0.231888,0.0001,0.1799
2026-08-14 09:51:46,AVAXUSDT,15m,17907.08,16734.47,0.03385,0.001,6.445
2026-08-14 09:51:48,DOTUSDT,15m,630132.75,376426.99,0.252052,0.001,0.766
2026-08-14 09:51:49,LINKUSDT,15m,11536.52,8921.28,0.127836,0.001,8.841
2026-08-14 09:51:50,NEARUSDT,15m,287869.3,284385.4,0.006088,0.001,1.6
2026-08-14 09:51:52,LTCUSDT,15m,6771.678,4947.104,0.155697,0.01,43.95
2026-08-14 09:51:53,BCHUSDT,15m,1379.169,1299.051,0.029915,0.1,202.4
2026-08-14 09:51:55,APTUSDT,15m,564280.63,236494.85,0.409335,0.001,0.542
2026-08-14 09:51:56,TRXUSDT,15m,4988930.1,4644159.4,0.03579,0.0001,0.3323
2026-08-14 09:51:58,SHIBUSDT,15m,67212176145.0,54718603126.0,0.102464,0.0,4.58e-06
2026-08-14 09:51:59,UNIUSDT,15m,54941.36,50156.19,0.045531,0.001,3.241
2026-08-14 09:52:00,ATOMUSDT,15m,58485.13,37715.04,0.215905,0.001,1.519
2026-08-14 09:52:03,SUIUSDT,15m,346656.1,183737.1,0.307166,0.0001,0.6791
2026-08-14 09:52:04,INJUSDT,15m,17807.3,7163.51,0.426249,0.001,4.272
2026-08-14 09:52:05,ICPUSDT,15m,46527.25,34928.24,0.142397,0.001,2.21
2026-08-14 09:52:17,BTCUSDT,15m,9.2779,5.8512,0.226493,0.01,63151.15
2026-08-14 09:52:18,ETHUSDT,15m,68.8798,64.6521,0.031661,0.01,1885.9
2026-08-14 09:52:20,SOLUSDT,15m,16246.352,13232.518,0.102237,0.01,75.5
2026-08-14 09:52:21,BNBUSDT,15m,226.663,81.141,0.472775,0.01,606.83
2026-08-14 09:52:22,XRPUSDT,15m,916173.6,708407.0,0.127889,0.0001,1.0024
2026-08-14 09:52:24,DOGEUSDT,15m,9083340.0,9024133.0,0.00327,1e-05,0.06996
2026-08-14 09:52:25,ADAUSDT,15m,2153556.2,1389326.3,0.215709,0.0001,0.1799
2026-08-14 09:52:27,AVAXUSDT,15m,18054.5,14917.64,0.095137,0.001,6.45
2026-08-14 09:52:28,DOTUSDT,15m,647110.16,351073.04,0.296576,0.001,0.765
2026-08-14 09:52:30,LINKUSDT,15m,10686.5,8135.24,0.135549,0.001,8.858
2026-08-14 09:52:31,NEARUSDT,15m,281603.3,278188.4,0.0061,0.001,1.6
2026-08-14 09:52:32,LTCUSDT,15m,6771.553,5016.261,0.148907,0.01,43.95
2026-08-14 09:52:35,BCHUSDT,15m,1426.877,1258.024,0.06289,0.1,202.7
2026-08-14 09:52:36,APTUSDT,15m,563725.98,237167.86,0.407742,0.001,0.542
2026-08-14 09:52:37,TRXUSDT,15m,4986537.4,4641418.1,0.035846,0.0001,0.3323
2026-08-14 09:52:40,SHIBUSDT,15m,67347026746.0,54151957299.0,0.108602,0.0,4.58e-06
2026-08-14 09:52:41,UNIUSDT,15m,58834.24,41218.9,0.17606,0.001,3.242
2026-08-14 09:52:43,ATOMUSDT,15m,58010.6,40098.94,0.182568,0.001,1.52
2026-08-14 09:52:45,SUIUSDT,15m,679037.2,165947.6,0.607218,0.0001,0.6798
2026-08-14 09:52:47,INJUSDT,15m,17348.24,6248.3,0.470405,0.001,4.274
2026-08-14 09:52:48,ICPUSDT,15m,47000.8,34042.13,0.159899,0.001,2.21
2026-08-14 09:53:00,BTCUSDT,15m,8.0698,5.6729,0.174412,0.01,63151.16
2026-08-14 09:53:01,ETHUSDT,15m,60.4878,85.7812,-0.172924,0.01,1885.7
2026-08-14 09:53:03,SOLUSDT,15m,14866.742,13819.418,0.03651,0.01,75.5
2026-08-14 09:53:04,BNBUSDT,15m,175.675,100.695,0.271303,0.01,606.82
2026-08-14 09:53:05,XRPUSDT,15m,975159.1,820896.1,0.08589,0.0001,1.0027
2026-08-14 09:53:07,DOGEUSDT,15m,9423401.0,8925603.0,0.027129,1e-05,0.06996
2026-08-14 09:53:09,ADAUSDT,15m,2151200.9,1362890.0,0.224329,0.0001,0.1799
2026-08-14 09:53:10,AVAXUSDT,15m,17071.12,15056.21,0.062716,0.001,6.451
2026-08-14 09:53:12,DOTUSDT,15m,641140.41,352724.15,0.290197,0.001,0.765
2026-08-14 09:53:13,LINKUSDT,15m,11886.7,8426.77,0.170327,0.001,8.862
2026-08-14 09:53:14,NEARUSDT,15m,279465.6,271774.9,0.013952,0.001,1.602
2026-08-14 09:53:17,LTCUSDT,15m,6585.648,4847.52,0.152025,0.01,43.96
2026-08-14 09:53:18,BCHUSDT,15m,1176.825,1248.006,-0.029355,0.1,202.6
2026-08-14 09:53:20,APTUSDT,15m,526794.72,237157.91,0.379129,0.001,0.541
2026-08-14 09:53:21,TRXUSDT,15m,4987699.6,4654018.4,0.034608,0.0001,0.3323
2026-08-14 09:53:23,SHIBUSDT,15m,61976017292.0,56906703089.0,0.042641,0.0,4.58e-06
2026-08-14 09:53:24,UNIUSDT,15m,50787.43,41948.73,0.09531,0.001,3.242
2026-08-14 09:53:25,ATOMUSDT,15m,56103.21,39301.02,0.176116,0.001,1.52
2026-08-14 09:53:27,SUIUSDT,15m,540810.6,193895.6,0.472182,0.0001,0.6795
2026-08-14 09:53:28,INJUSDT,15m,17032.82,8457.4,0.33642,0.001,4.277
2026-08-14 09:53:30,ICPUSDT,15m,45682.01,34798.57,0.135231,0.001,2.209
2026-08-14 09:53:41,BTCUSDT,15m,12.644,0.9664,0.857992,0.01,63157.79
2026-08-14 09:53:42,ETHUSDT,15m,60.5402,88.1795,-0.185848,0.01,1885.9
2026-08-14 09:53:44,SOLUSDT,15m,16147.823,13689.339,0.082397,0.01,75.49
2026-08-14 09:53:45,BNBUSDT,15m,182.353,91.943,0.329607,0.01,606.83
2026-08-14 09:53:46,XRPUSDT,15m,798114.9,698997.9,0.066205,0.0001,1.003
2026-08-14 09:53:48,DOGEUSDT,15m,9051066.0,9651401.0,-0.032099,1e-05,0.06995
2026-08-14 09:53:49,ADAUSDT,15m,2268574.8,1367837.2,0.2477,0.0001,0.1799
2026-08-14 09:53:51,AVAXUSDT,15m,18372.51,13979.33,0.135794,0.001,6.444
2026-08-14 09:53:53,DOTUSDT,15m,630531.07,389533.81,0.236257,0.001,0.765
2026-08-14 09:53:55,LINKUSDT,15m,11751.5,7507.62,0.220357,0.001,8.86
2026-08-14 09:53:56,NEARUSDT,15m,273743.9,288337.3,-0.025963,0.001,1.6
2026-08-14 09:53:58,LTCUSDT,15m,6554.307,4808.8,0.153612,0.01,43.96
2026-08-14 09:53:59,BCHUSDT,15m,1094.9,1291.614,-0.082427,0.1,202.5
2026-08-14 09:54:00,APTUSDT,15m,513549.82,248382.0,0.34802,0.001,0.54
2026-08-14 09:54:02,TRXUSDT,15m,5052221.4,4649909.6,0.041466,0.0001,0.3323
2026-08-14 09:54:03,SHIBUSDT,15m,63656845523.0,56497544723.0,0.059584,0.0,4.59e-06
2026-08-14 09:54:05,UNIUSDT,15m,50690.72,44027.94,0.070343,0.001,3.24
2026-08-14 09:54:06,ATOMUSDT,15m,56218.13,39886.0,0.169942,0.001,1.52
2026-08-14 09:54:07,SUIUSDT,15m,342827.5,188568.8,0.290289,0.0001,0.6791
2026-08-14 09:54:09,INJUSDT,15m,18269.01,6344.1,0.484494,0.001,4.27
2026-08-14 09:54:10,ICPUSDT,15m,45927.45,35210.25,0.132087,0.001,2.209
2026-08-14 09:54:22,BTCUSDT,15m,5.8846,6.0182,-0.01123,0.01,63105.27
2026-08-14 09:54:23,ETHUSDT,15m,70.4126,64.3386,0.045076,0.01,1884.36
2026-08-14 09:54:24,SOLUSDT,15m,15477.466,12643.967,0.100759,0.01,75.46
2026-08-14 09:54:26,BNBUSDT,15m,164.215,213.958,-0.131535,0.01,606.75
2026-08-14 09:54:27,XRPUSDT,15m,807824.0,927911.7,-0.069185,0.0001,1.0022
2026-08-14 09:54:28,DOGEUSDT,15m,8553200.0,9845901.0,-0.070259,1e-05,0.06991
2026-08-14 09:54:30,ADAUSDT,15m,2168790.6,1377722.7,0.223055,0.0001,0.1798
2026-08-14 09:54:31,AVAXUSDT,15m,17213.29,15832.01,0.0418,0.001,6.442
2026-08-14 09:54:32,DOTUSDT,15m,622335.9,388283.46,0.231593,0.001,0.765
2026-08-14 09:54:34,LINKUSDT,15m,10997.45,8367.51,0.135809,0.001,8.862
2026-08-14 09:54:36,NEARUSDT,15m,277992.3,287788.8,-0.017315,0.001,1.6
2026-08-14 09:54:37,LTCUSDT,15m,6510.742,4720.578,0.15939,0.01,43.95
2026-08-14 09:54:39,BCHUSDT,15m,1156.016,1198.849,-0.018189,0.1,202.6
2026-08-14 09:54:41,APTUSDT,15m,515731.71,245875.44,0.354325,0.001,0.541
2026-08-14 09:54:43,TRXUSDT,15m,5054909.0,4596716.0,0.047473,0.0001,0.3323
2026-08-14 09:54:45,SHIBUSDT,15m,66935913455.0,56165283636.0,0.087494,0.0,4.58e-06
2026-08-14 09:54:46,UNIUSDT,15m,54131.38,37294.22,0.184162,0.001,3.24
2026-08-14 09:54:48,ATOMUSDT,15m,55210.09,38123.89,0.183065,0.001,1.519
2026-08-14 09:54:49,SUIUSDT,15m,225624.6,116152.8,0.320301,0.0001,0.6787
2026-08-14 09:54:51,INJUSDT,15m,17369.02,6803.58,0.437083,0.001,4.274
2026-08-14 09:54:52,ICPUSDT,15m,45131.56,34297.34,0.136401,0.001,2.211
2026-08-14 09:55:04,BTCUSDT,15m,6.359,6.8641,-0.038198,0.01,63114.18
2026-08-14 09:55:05,ETHUSDT,15m,54.1723,112.1943,-0.34876,0.01,1885.04
2026-08-14 09:55:06,SOLUSDT,15m,15933.939,12076.09,0.137731,0.01,75.49
2026-08-14 09:55:08,BNBUSDT,15m,146.48,156.584,-0.033339,0.01,606.81
2026-08-14 09:55:09,XRPUSDT,15m,1499803.6,944858.6,0.227003,0.0001,1.002
2026-08-14 09:55:10,DOGEUSDT,15m,8433567.0,9795746.0,-0.074725,1e-05,0.06989
2026-08-14 09:55:12,ADAUSDT,15m,2178889.5,1353343.5,0.233718,0.0001,0.1798
2026-08-14 09:55:14,AVAXUSDT,15m,18730.25,14663.02,0.121798,0.001,6.442
2026-08-14 09:55:15,DOTUSDT,15m,629894.78,389634.05,0.235659,0.001,0.765
2026-08-14 09:55:19,LINKUSDT,15m,12269.51,7838.63,0.220353,0.001,8.867
2026-08-14 09:55:20,NEARUSDT,15m,271592.5,281124.3,-0.017245,0.001,1.6
2026-08-14 09:55:21,LTCUSDT,15m,6672.938,5031.905,0.140201,0.01,43.96
2026-08-14 09:55:23,BCHUSDT,15m,1099.728,1232.489,-0.056925,0.1,202.7
2026-08-14 09:55:24,APTUSDT,15m,520332.7,245500.97,0.358866,0.001,0.541
2026-08-14 09:55:25,TRXUSDT,15m,5105877.7,4593146.1,0.052864,0.0001,0.3323
2026-08-14 09:55:27,SHIBUSDT,15m,66354874814.0,54979321477.0,0.093754,0.0,4.58e-06
2026-08-14 09:55:28,UNIUSDT,15m,52512.08,41582.32,0.116157,0.001,3.236
2026-08-14 09:55:29,ATOMUSDT,15m,56928.18,37616.24,0.204263,0.001,1.519
2026-08-14 09:55:31,SUIUSDT,15m,246649.7,111779.2,0.376282,0.0001,0.679
2026-08-14 09:55:32,INJUSDT,15m,17757.1,5478.5,0.528439,0.001,4.282
2026-08-14 09:55:34,ICPUSDT,15m,43948.99,35871.3,0.101198,0.001,2.211
2026-08-14 09:55:45,BTCUSDT,15m,11.8353,3.4652,0.547051,0.01,63119.99
2026-08-14 09:55:46,ETHUSDT,15m,72.8045,104.6536,-0.179474,0.01,1884.91
2026-08-14 09:55:48,SOLUSDT,15m,17148.648,13507.487,0.118774,0.01,75.5
2026-08-14 09:55:49,BNBUSDT,15m,207.587,134.541,0.213505,0.01,606.84
2026-08-14 09:55:50,XRPUSDT,15m,937496.5,898192.1,0.021411,0.0001,1.0022
2026-08-14 09:55:52,DOGEUSDT,15m,9092026.0,10037461.0,-0.049423,1e-05,0.06992
2026-08-14 09:55:54,ADAUSDT,15m,2261973.9,1360428.6,0.24888,0.0001,0.1799
2026-08-14 09:55:55,AVAXUSDT,15m,15862.46,14853.3,0.032855,0.001,6.441
2026-08-14 09:55:56,DOTUSDT,15m,636255.78,389631.34,0.240401,0.001,0.765
2026-08-14 09:55:58,LINKUSDT,15m,10595.52,9066.1,0.077787,0.001,8.87
2026-08-14 09:55:59,NEARUSDT,15m,277788.6,276201.4,0.002865,0.001,1.6
2026-08-14 09:56:01,LTCUSDT,15m,5418.754,4390.754,0.104796,0.01,44.04
2026-08-14 09:56:02,BCHUSDT,15m,1347.557,1212.607,0.052711,0.1,202.7
2026-08-14 09:56:03,APTUSDT,15m,520668.75,246814.93,0.35682,0.001,0.541
2026-08-14 09:56:05,TRXUSDT,15m,5067817.0,4583586.4,0.050172,0.0001,0.3323
2026-08-14 09:56:06,SHIBUSDT,15m,66968810321.0,54637685547.0,0.101402,0.0,4.58e-06
2026-08-14 09:56:07,UNIUSDT,15m,49869.35,40441.06,0.104399,0.001,3.233
2026-08-14 09:56:09,ATOMUSDT,15m,53785.55,37186.13,0.182468,0.001,1.519
2026-08-14 09:56:10,SUIUSDT,15m,272942.7,93972.7,0.487769,0.0001,0.6792
2026-08-14 09:56:12,INJUSDT,15m,19364.51,5552.2,0.554339,0.001,4.284
2026-08-14 09:56:15,ICPUSDT,15m,44355.98,35713.54,0.107937,0.001,2.21
2026-08-14 09:56:26,BTCUSDT,15m,11.3034,5.8737,0.3161,0.01,63129.84
2026-08-14 09:56:27,ETHUSDT,15m,120.2907,108.8508,0.049925,0.01,1884.71
2026-08-14 09:56:30,SOLUSDT,15m,16264.715,13406.227,0.09634,0.01,75.49
2026-08-14 09:56:32,BNBUSDT,15m,211.371,100.311,0.356325,0.01,606.85
2026-08-14 09:56:34,XRPUSDT,15m,925810.1,884518.3,0.022809,0.0001,1.0023
2026-08-14 09:56:36,DOGEUSDT,15m,9083406.0,9978774.0,-0.046971,1e-05,0.06991
2026-08-14 09:56:37,ADAUSDT,15m,2264239.2,1355629.0,0.251006,0.0001,0.1798
2026-08-14 09:56:38,AVAXUSDT,15m,20870.32,14830.43,0.169181,0.001,6.44
2026-08-14 09:56:40,DOTUSDT,15m,636366.76,385176.69,0.245893,0.001,0.765
2026-08-14 09:56:41,LINKUSDT,15m,12345.5,8638.3,0.17667,0.001,8.874
2026-08-14 09:56:43,NEARUSDT,15m,269476.0,268839.1,0.001183,0.001,1.602
2026-08-14 09:56:44,LTCUSDT,15m,5917.871,4476.195,0.138702,0.01,44.04
2026-08-14 09:56:45,BCHUSDT,15m,1379.49,1216.167,0.062922,0.1,202.7
2026-08-14 09:56:47,APTUSDT,15m,520600.78,208648.47,0.427772,0.001,0.54
2026-08-14 09:56:49,TRXUSDT,15m,5072739.0,4573895.5,0.051712,0.0001,0.3323
2026-08-14 09:56:51,SHIBUSDT,15m,67010164475.0,54778269288.0,0.100436,0.0,4.57e-06
2026-08-14 09:56:52,UNIUSDT,15m,53552.0,39931.9,0.145695,0.001,3.233
2026-08-14 09:56:54,ATOMUSDT,15m,57047.92,38408.92,0.195261,0.001,1.52
2026-08-14 09:56:57,SUIUSDT,15m,377462.8,107411.1,0.556952,0.0001,0.6799
2026-08-14 09:56:58,INJUSDT,15m,18790.36,5841.08,0.525722,0.001,4.284
2026-08-14 09:57:00,ICPUSDT,15m,44307.8,35035.79,0.116859,0.001,2.21
2026-08-14 09:57:13,BTCUSDT,15m,6.9063,7.2413,-0.023678,0.01,63139.19
2026-08-14 09:57:14,ETHUSDT,15m,87.5603,139.4334,-0.228522,0.01,1885.19
2026-08-14 09:57:17,SOLUSDT,15m,16059.408,13143.099,0.099865,0.01,75.51
2026-08-14 09:57:19,BNBUSDT,15m,247.807,75.39,0.533473,0.01,606.98
2026-08-14 09:57:23,XRPUSDT,15m,844470.0,780802.5,0.039173,0.0001,1.0026
2026-08-14 09:57:26,DOGEUSDT,15m,8824698.0,9897459.0,-0.057299,1e-05,0.06993
2026-08-14 09:57:27,ADAUSDT,15m,2310753.6,1343209.2,0.264793,0.0001,0.18
2026-08-14 09:57:32,AVAXUSDT,15m,16093.72,14996.16,0.035303,0.001,6.444
2026-08-14 09:57:35,DOTUSDT,15m,561515.06,347128.54,0.235941,0.001,0.765
2026-08-14 09:57:38,LINKUSDT,15m,10743.94,9436.77,0.064773,0.001,8.875
2026-08-14 09:57:40,NEARUSDT,15m,295011.5,273715.4,0.037445,0.001,1.603
2026-08-14 09:57:41,LTCUSDT,15m,6121.51,4262.033,0.179079,0.01,44.07
2026-08-14 09:57:43,BCHUSDT,15m,1036.139,1119.531,-0.038685,0.1,203.1
2026-08-14 09:57:45,APTUSDT,15m,532356.19,239584.66,0.379267,0.001,0.541
2026-08-14 09:57:47,TRXUSDT,15m,5304673.2,4432853.9,0.089532,0.0001,0.3323
2026-08-14 09:57:48,SHIBUSDT,15m,63910729227.0,56248487870.0,0.063767,0.0,4.59e-06
2026-08-14 09:57:50,UNIUSDT,15m,54146.09,38256.0,0.171967,0.001,3.232
2026-08-14 09:57:52,ATOMUSDT,15m,59298.64,41916.33,0.171737,0.001,1.52
2026-08-14 09:57:54,SUIUSDT,15m,370141.5,118995.4,0.513447,0.0001,0.6799
2026-08-14 09:57:56,INJUSDT,15m,15822.62,6584.58,0.41228,0.001,4.29
2026-08-14 09:57:57,ICPUSDT,15m,33038.05,24280.43,0.152789,0.001,2.211
2026-08-14 09:58:09,BTCUSDT,15m,3.2746,7.0798,-0.367499,0.01,63146.79
2026-08-14 09:58:10,ETHUSDT,15m,30.4741,134.1393,-0.629749,0.01,1885.12
2026-08-14 09:58:14,SOLUSDT,15m,15371.647,13103.105,0.079669,0.01,75.48
2026-08-14 09:58:16,BNBUSDT,15m,131.518,167.336,-0.119851,0.01,606.93
2026-08-14 09:58:17,XRPUSDT,15m,914868.9,778277.6,0.080673,0.0001,1.0024
2026-08-14 09:58:19,DOGEUSDT,15m,9006961.0,10114020.0,-0.057898,1e-05,0.06991
2026-08-14 09:58:22,ADAUSDT,15m,2151505.9,1326533.0,0.237195,0.0001,0.18
2026-08-14 09:58:24,AVAXUSDT,15m,16260.3,14403.18,0.060565,0.001,6.444
2026-08-14 09:58:26,DOTUSDT,15m,561437.65,346725.61,0.236424,0.001,0.765
2026-08-14 09:58:27,LINKUSDT,15m,11858.54,8729.53,0.151982,0.001,8.879
2026-08-14 09:58:29,NEARUSDT,15m,289819.3,273113.4,0.029677,0.001,1.603
2026-08-14 09:58:32,LTCUSDT,15m,6017.982,4378.997,0.157641,0.01,44.06
2026-08-14 09:58:33,BCHUSDT,15m,1125.287,1313.695,-0.077249,0.1,203.1
2026-08-14 09:58:35,APTUSDT,15m,527098.16,240835.75,0.37277,0.001,0.541
2026-08-14 09:58:37,TRXUSDT,15m,5221912.5,4440596.0,0.080861,0.0001,0.3325
2026-08-14 09:58:39,SHIBUSDT,15m,67136124878.0,53963022298.0,0.108779,0.0,4.58e-06
2026-08-14 09:58:40,UNIUSDT,15m,52386.82,36279.83,0.181658,0.001,3.23
2026-08-14 09:58:43,ATOMUSDT,15m,60992.61,41741.71,0.187385,0.001,1.519
2026-08-14 09:58:44,SUIUSDT,15m,292135.5,110454.2,0.451282,0.0001,0.68
2026-08-14 09:58:46,INJUSDT,15m,13978.85,7024.83,0.331086,0.001,4.296
2026-08-14 09:58:49,ICPUSDT,15m,46749.19,34638.17,0.148807,0.001,2.21
2026-08-14 09:59:00,BTCUSDT,15m,0.9288,16.99,-0.89633,0.01,63144.0
2026-08-14 09:59:02,ETHUSDT,15m,123.6364,107.2264,0.071081,0.01,1885.56
2026-08-14 09:59:04,SOLUSDT,15m,14874.348,14014.323,0.02977,0.01,75.5
2026-08-14 09:59:07,BNBUSDT,15m,198.29,149.014,0.141881,0.01,607.12
2026-08-14 09:59:08,XRPUSDT,15m,825502.4,836696.5,-0.006735,0.0001,1.0024
2026-08-14 09:59:10,DOGEUSDT,15m,8751245.0,10042373.0,-0.0687,1e-05,0.06993
2026-08-14 09:59:12,ADAUSDT,15m,2202842.0,1283182.6,0.263813,0.0001,0.1801
2026-08-14 09:59:14,AVAXUSDT,15m,16517.56,15684.23,0.025878,0.001,6.446
2026-08-14 09:59:15,DOTUSDT,15m,561730.7,350346.31,0.231762,0.001,0.765
2026-08-14 09:59:17,LINKUSDT,15m,12812.49,15617.8,-0.098673,0.001,8.88
2026-08-14 09:59:18,NEARUSDT,15m,293563.1,279446.6,0.024636,0.001,1.603
2026-08-14 09:59:20,LTCUSDT,15m,6098.107,4532.054,0.147322,0.01,44.06
2026-08-14 09:59:23,BCHUSDT,15m,1096.738,1333.824,-0.097544,0.1,203.2
2026-08-14 09:59:25,APTUSDT,15m,515735.79,246150.12,0.35384,0.001,0.541
2026-08-14 09:59:27,TRXUSDT,15m,5310133.9,4395812.0,0.094202,0.0001,0.3325
2026-08-14 09:59:29,SHIBUSDT,15m,67009069279.0,54042114838.0,0.10712,0.0,4.58e-06
2026-08-14 09:59:30,UNIUSDT,15m,48715.51,42099.29,0.072854,0.001,3.228
2026-08-14 09:59:32,ATOMUSDT,15m,52867.5,41356.58,0.122165,0.001,1.52
2026-08-14 09:59:33,SUIUSDT,15m,206723.7,180725.6,0.067101,0.0001,0.679
2026-08-14 09:59:36,INJUSDT,15m,18824.93,8094.51,0.398612,0.001,4.289
2026-08-14 09:59:37,ICPUSDT,15m,45749.34,35688.37,0.123542,0.001,2.211
2026-08-14 09:59:50,BTCUSDT,15m,11.7667,3.4914,0.542351,0.01,63133.4
2026-08-14 09:59:52,ETHUSDT,15m,57.4715,111.7993,-0.320952,0.01,1885.41
2026-08-14 09:59:53,SOLUSDT,15m,14177.362,12780.892,0.051801,0.01,75.48
2026-08-14 09:59:55,BNBUSDT,15m,206.699,118.988,0.269311,0.01,607.08
2026-08-14 09:59:56,XRPUSDT,15m,964797.4,711893.9,0.150835,0.0001,1.0021
2026-08-14 09:59:58,DOGEUSDT,15m,8831066.0,9998266.0,-0.061988,1e-05,0.0699
2026-08-14 09:59:59,ADAUSDT,15m,2228819.9,1306603.2,0.26085,0.0001,0.18
2026-08-14 10:00:04,AVAXUSDT,15m,15445.4,17212.31,-0.054104,0.001,6.445
2026-08-14 10:00:05,DOTUSDT,15m,576215.87,355650.56,0.236692,0.001,0.766
2026-08-14 10:00:07,LINKUSDT,15m,12024.57,11804.94,0.009217,0.001,8.878
2026-08-14 10:00:08,NEARUSDT,15m,296818.9,288069.1,0.01496,0.001,1.601
2026-08-14 10:00:09,LTCUSDT,15m,6022.668,4465.111,0.148512,0.01,44.08
2026-08-14 10:00:11,BCHUSDT,15m,1282.169,1295.223,-0.005065,0.1,203.0
2026-08-14 10:00:12,APTUSDT,15m,533360.18,244655.47,0.371078,0.001,0.541
2026-08-14 10:00:14,TRXUSDT,15m,5314208.7,4339974.6,0.100913,0.0001,0.3324
2026-08-14 10:00:15,SHIBUSDT,15m,66723507281.0,54386056989.0,0.10187,0.0,4.58e-06
2026-08-14 10:00:17,UNIUSDT,15m,47358.31,39122.25,0.095236,0.001,3.227
2026-08-14 10:00:18,ATOMUSDT,15m,56882.66,38918.93,0.18751,0.001,1.519
2026-08-14 10:00:20,SUIUSDT,15m,363561.4,140019.2,0.443906,0.0001,0.6792
2026-08-14 10:00:21,INJUSDT,15m,16649.96,8102.02,0.345344,0.001,4.292
2026-08-14 10:00:23,ICPUSDT,15m,53201.72,33923.87,0.221265,0.001,2.214
2026-08-14 10:00:34,BTCUSDT,15m,4.8311,11.1351,-0.394837,0.01,63142.74
2026-08-14 10:00:36,ETHUSDT,15m,77.0371,82.0384,-0.03144,0.01,1885.28
2026-08-14 10:00:37,SOLUSDT,15m,15597.412,13260.954,0.080963,0.01,75.48
2026-08-14 10:00:38,BNBUSDT,15m,126.148,177.399,-0.16884,0.01,606.9
2026-08-14 10:00:40,XRPUSDT,15m,967433.5,766664.3,0.115777,0.0001,1.0023
2026-08-14 10:00:42,DOGEUSDT,15m,8877158.0,10086958.0,-0.063794,1e-05,0.06991
2026-08-14 10:00:43,ADAUSDT,15m,2227846.6,1319844.1,0.255942,0.0001,0.18
2026-08-14 10:00:44,AVAXUSDT,15m,18401.19,14089.89,0.132692,0.001,6.444
2026-08-14 10:00:46,DOTUSDT,15m,576338.41,354946.21,0.237728,0.001,0.766
2026-08-14 10:00:47,LINKUSDT,15m,12647.44,11614.16,0.042589,0.001,8.876
2026-08-14 10:00:49,NEARUSDT,15m,300767.6,274949.8,0.044845,0.001,1.603
2026-08-14 10:00:51,LTCUSDT,15m,6338.824,3972.275,0.229515,0.01,44.11
2026-08-14 10:00:53,BCHUSDT,15m,1428.101,1290.506,0.050612,0.1,203.2
2026-08-14 10:00:54,APTUSDT,15m,533180.47,241356.49,0.376772,0.001,0.541
2026-08-14 10:00:57,TRXUSDT,15m,5364598.3,4262020.4,0.114534,0.0001,0.3324
2026-08-14 10:00:58,SHIBUSDT,15m,66712882203.0,54248707463.0,0.103042,0.0,4.58e-06
2026-08-14 10:01:02,UNIUSDT,15m,53571.85,38707.47,0.16108,0.001,3.228
2026-08-14 10:01:03,ATOMUSDT,15m,59870.73,38744.24,0.214232,0.001,1.521
2026-08-14 10:01:05,SUIUSDT,15m,361971.3,161035.0,0.384195,0.0001,0.6791
2026-08-14 10:01:07,INJUSDT,15m,15816.75,15373.94,0.014197,0.001,4.301
2026-08-14 10:01:08,ICPUSDT,15m,53189.88,34563.85,0.212253,0.001,2.213
2026-08-14 10:01:20,BTCUSDT,15m,12.5737,3.9751,0.519588,0.01,63161.67
2026-08-14 10:01:21,ETHUSDT,15m,59.4942,95.5225,-0.232416,0.01,1885.87
2026-08-14 10:01:23,SOLUSDT,15m,13493.113,11382.948,0.084827,0.01,75.5
2026-08-14 10:01:25,BNBUSDT,15m,157.935,118.685,0.141891,0.01,607.04
2026-08-14 10:01:26,XRPUSDT,15m,672284.6,610030.5,0.048548,0.0001,1.0025
2026-08-14 10:01:28,DOGEUSDT,15m,7207254.0,7447026.0,-0.016362,1e-05,0.06992
2026-08-14 10:01:30,ADAUSDT,15m,2104539.3,1193799.0,0.276121,0.0001,0.1799
2026-08-14 10:01:32,AVAXUSDT,15m,12907.2,14657.17,-0.063487,0.001,6.447
2026-08-14 10:01:34,DOTUSDT,15m,609137.38,316052.67,0.316783,0.001,0.766
2026-08-14 10:01:35,LINKUSDT,15m,12415.51,9320.46,0.142393,0.001,8.874
2026-08-14 10:01:37,NEARUSDT,15m,294824.0,268499.9,0.04673,0.001,1.601
2026-08-14 10:01:38,LTCUSDT,15m,5463.099,3539.232,0.213708,0.01,44.1
2026-08-14 10:01:40,BCHUSDT,15m,1290.228,1202.034,0.035387,0.1,203.5
2026-08-14 10:01:41,APTUSDT,15m,502805.39,219274.3,0.392659,0.001,0.542
2026-08-14 10:01:43,TRXUSDT,15m,5066434.2,4079191.0,0.107947,0.0001,0.3325
2026-08-14 10:01:44,SHIBUSDT,15m,60435629686.0,50993330644.0,0.084738,0.0,4.59e-06
2026-08-14 10:01:46,UNIUSDT,15m,47842.21,37200.46,0.125134,0.001,3.228
2026-08-14 10:01:47,ATOMUSDT,15m,57790.33,37931.27,0.207467,0.001,1.521
2026-08-14 10:01:49,SUIUSDT,15m,341045.2,150397.9,0.387934,0.0001,0.679
2026-08-14 10:01:50,INJUSDT,15m,14032.33,14339.79,-0.010837,0.001,4.302
2026-08-14 10:01:52,ICPUSDT,15m,48432.37,31824.16,0.206939,0.001,2.214
2026-08-14 10:02:03,BTCUSDT,15m,6.9028,5.1759,0.142968,0.01,63161.66
2026-08-14 10:02:05,ETHUSDT,15m,78.1591,89.3014,-0.066537,0.01,1885.98
2026-08-14 10:02:07,SOLUSDT,15m,12926.066,11620.715,0.053178,0.01,75.5
2026-08-14 10:02:09,BNBUSDT,15m,119.886,154.085,-0.124827,0.01,606.89
2026-08-14 10:02:11,XRPUSDT,15m,919289.3,741393.8,0.107122,0.0001,1.0027
2026-08-14 10:02:12,DOGEUSDT,15m,9276755.0,9625721.0,-0.018461,1e-05,0.06992
2026-08-14 10:02:14,ADAUSDT,15m,2224005.2,1245865.2,0.281895,0.0001,0.18
2026-08-14 10:02:15,AVAXUSDT,15m,14297.56,12309.36,0.074725,0.001,6.449
2026-08-14 10:02:17,DOTUSDT,15m,621489.39,356685.38,0.270712,0.001,0.766
2026-08-14 10:02:18,LINKUSDT,15m,13315.15,12846.77,0.017903,0.001,8.881
2026-08-14 10:02:19,NEARUSDT,15m,300394.7,278509.5,0.037805,0.001,1.601
2026-08-14 10:02:21,LTCUSDT,15m,5237.738,4384.99,0.088618,0.01,44.13
2026-08-14 10:02:22,BCHUSDT,15m,1311.373,1274.485,0.014265,0.1,203.4
2026-08-14 10:02:24,APTUSDT,15m,535254.52,231028.26,0.397016,0.001,0.542
2026-08-14 10:02:25,TRXUSDT,15m,5283793.8,4325600.7,0.099714,0.0001,0.3324
2026-08-14 10:02:26,SHIBUSDT,15m,66417606827.0,52638129828.0,0.11574,0.0,4.58e-06
2026-08-14 10:02:28,UNIUSDT,15m,49982.08,38795.7,0.126004,0.001,3.229
2026-08-14 10:02:29,ATOMUSDT,15m,56493.06,37913.52,0.196803,0.001,1.526
2026-08-14 10:02:31,SUIUSDT,15m,292741.2,178610.2,0.242136,0.0001,0.679
2026-08-14 10:02:32,INJUSDT,15m,16431.25,13494.77,0.098125,0.001,4.306
2026-08-14 10:02:34,ICPUSDT,15m,48699.08,32856.29,0.194258,0.001,2.214
2026-08-14 10:02:45,BTCUSDT,15m,6.6062,2.0313,0.529656,0.01,63164.0
2026-08-14 10:02:46,ETHUSDT,15m,134.3533,52.8912,0.435057,0.01,1885.75
2026-08-14 10:02:49,SOLUSDT,15m,15765.575,13217.088,0.087931,0.01,75.5
2026-08-14 10:02:51,BNBUSDT,15m,218.508,155.223,0.169333,0.01,606.87
2026-08-14 10:02:52,XRPUSDT,15m,1007624.6,750261.6,0.146405,0.0001,1.0026
2026-08-14 10:02:54,DOGEUSDT,15m,9160778.0,9847134.0,-0.036109,1e-05,0.06995
2026-08-14 10:02:56,ADAUSDT,15m,2155214.1,1240365.2,0.269424,0.0001,0.1803
2026-08-14 10:02:57,AVAXUSDT,15m,17561.71,13664.92,0.124791,0.001,6.447
2026-08-14 10:02:58,DOTUSDT,15m,585299.72,363641.81,0.233584,0.001,0.765
2026-08-14 10:03:00,LINKUSDT,15m,12790.68,13444.69,-0.024929,0.001,8.882
2026-08-14 10:03:01,NEARUSDT,15m,281813.6,283302.8,-0.002635,0.001,1.602
2026-08-14 10:03:03,LTCUSDT,15m,5462.933,4948.786,0.049382,0.01,44.12
2026-08-14 10:03:05,BCHUSDT,15m,1063.522,1271.582,-0.089101,0.1,203.5
2026-08-14 10:03:06,APTUSDT,15m,534522.57,230327.13,0.397719,0.001,0.542
2026-08-14 10:03:08,TRXUSDT,15m,5283459.7,4362992.2,0.09542,0.0001,0.3324
2026-08-14 10:03:10,SHIBUSDT,15m,66731624455.0,54773400584.0,0.098418,0.0,4.59e-06
2026-08-14 10:03:15,UNIUSDT,15m,48105.52,38852.05,0.106414,0.001,3.228
2026-08-14 10:03:18,ATOMUSDT,15m,57248.6,39555.88,0.182768,0.001,1.523
2026-08-14 10:03:20,SUIUSDT,15m,220784.0,124950.0,0.27719,0.0001,0.6788
2026-08-14 10:03:21,INJUSDT,15m,15255.53,7729.21,0.327449,0.001,4.299
2026-08-14 10:03:22,ICPUSDT,15m,49388.83,33301.35,0.194551,0.001,2.215
2026-08-14 10:03:34,BTCUSDT,15m,1.4686,10.6805,-0.758233,0.01,63160.0
2026-08-14 10:03:35,ETHUSDT,15m,15.9159,159.199,-0.818223,0.01,1885.16
2026-08-14 10:03:37,SOLUSDT,15m,14987.625,13343.588,0.058029,0.01,75.52
2026-08-14 10:03:38,BNBUSDT,15m,152.572,153.154,-0.001904,0.01,606.72
2026-08-14 10:03:40,XRPUSDT,15m,791686.8,871130.9,-0.047777,0.0001,1.0023
2026-08-14 10:03:42,DOGEUSDT,15m,8752309.0,10194135.0,-0.0761,1e-05,0.06994
2026-08-14 10:03:43,ADAUSDT,15m,2189659.7,1196425.3,0.293328,0.0001,0.1802
2026-08-14 10:03:46,AVAXUSDT,15m,17714.66,15298.66,0.073183,0.001,6.448
2026-08-14 10:03:48,DOTUSDT,15m,567927.58,357660.26,0.227172,0.001,0.765
2026-08-14 10:03:51,LINKUSDT,15m,11978.46,10814.19,0.051081,0.001,8.878
2026-08-14 10:03:53,NEARUSDT,15m,285708.2,281304.2,0.007767,0.001,1.602
2026-08-14 10:03:55,LTCUSDT,15m,6275.188,4762.605,0.137037,0.01,44.09
2026-08-14 10:03:59,BCHUSDT,15m,1087.286,1261.463,-0.074157,0.1,203.5
2026-08-14 10:04:01,APTUSDT,15m,535662.61,229691.28,0.399778,0.001,0.542
2026-08-14 10:04:02,TRXUSDT,15m,5421672.9,4501200.4,0.092763,0.0001,0.3325
2026-08-14 10:04:04,SHIBUSDT,15m,66280320659.0,53440306656.0,0.10725,0.0,4.58e-06
2026-08-14 10:04:06,UNIUSDT,15m,50052.4,42429.97,0.08242,0.001,3.226
2026-08-14 10:04:07,ATOMUSDT,15m,56691.83,39210.4,0.182284,0.001,1.523
2026-08-14 10:04:09,SUIUSDT,15m,270234.2,113549.2,0.408264,0.0001,0.679
2026-08-14 10:04:10,INJUSDT,15m,16282.56,7911.96,0.345971,0.001,4.3
2026-08-14 10:04:12,ICPUSDT,15m,46335.29,37108.6,0.110574,0.001,2.213
2026-08-14 10:04:23,BTCUSDT,15m,8.2574,7.0957,0.075663,0.01,63165.15
2026-08-14 10:04:24,ETHUSDT,15m,65.2525,107.2977,-0.243669,0.01,1885.6
2026-08-14 10:04:26,SOLUSDT,15m,16911.227,12087.023,0.166362,0.01,75.54
2026-08-14 10:04:27,BNBUSDT,15m,258.695,105.131,0.422081,0.01,606.78
2026-08-14 10:04:29,XRPUSDT,15m,825826.3,882630.5,-0.033249,0.0001,1.0025
2026-08-14 10:04:30,DOGEUSDT,15m,8365540.0,10040478.0,-0.090999,1e-05,0.06995
2026-08-14 10:04:31,ADAUSDT,15m,2214457.4,1224802.2,0.287752,0.0001,0.1803
2026-08-14 10:04:33,AVAXUSDT,15m,18752.5,14866.47,0.11559,0.001,6.453
2026-08-14 10:04:35,DOTUSDT,15m,570300.14,359982.12,0.22608,0.001,0.765
2026-08-14 10:04:36,LINKUSDT,15m,12565.3,11106.94,0.061606,0.001,8.878
2026-08-14 10:04:38,NEARUSDT,15m,287398.4,281129.5,0.011027,0.001,1.601
2026-08-14 10:04:40,LTCUSDT,15m,6105.711,4691.147,0.131016,0.01,44.11
2026-08-14 10:04:42,BCHUSDT,15m,1087.552,1250.287,-0.069609,0.1,203.5
2026-08-14 10:04:43,APTUSDT,15m,569228.7,224495.01,0.434325,0.001,0.542
2026-08-14 10:04:46,TRXUSDT,15m,5290085.2,4467326.1,0.084321,0.0001,0.3325
2026-08-14 10:04:47,SHIBUSDT,15m,67641581771.0,53666786151.0,0.115201,0.0,4.58e-06
2026-08-14 10:04:48,UNIUSDT,15m,49438.16,42093.62,0.08024,0.001,3.226
2026-08-14 10:04:50,ATOMUSDT,15m,49513.99,39507.48,0.112406,0.001,1.523
2026-08-14 10:04:51,SUIUSDT,15m,246539.1,139748.7,0.276453,0.0001,0.679
2026-08-14 10:04:53,INJUSDT,15m,15978.32,15510.97,0.014842,0.001,4.305
2026-08-14 10:04:54,ICPUSDT,15m,44120.43,35860.41,0.103275,0.001,2.212
2026-08-14 10:05:06,BTCUSDT,15m,3.1874,14.4902,-0.639386,0.01,63142.0
2026-08-14 10:05:07,ETHUSDT,15m,83.4384,68.3964,0.099068,0.01,1885.04
2026-08-14 10:05:08,SOLUSDT,15m,15581.117,11728.353,0.141078,0.01,75.53
2026-08-14 10:05:10,BNBUSDT,15m,142.146,174.856,-0.103185,0.01,606.67
2026-08-14 10:05:11,XRPUSDT,15m,936591.7,871160.5,0.036195,0.0001,1.0023
2026-08-14 10:05:13,DOGEUSDT,15m,8837360.0,9917412.0,-0.057588,1e-05,0.06992
2026-08-14 10:05:14,ADAUSDT,15m,2108417.1,1186527.5,0.279789,0.0001,0.1802
2026-08-14 10:05:16,AVAXUSDT,15m,18275.87,14468.65,0.11627,0.001,6.451
2026-08-14 10:05:18,DOTUSDT,15m,547869.45,359110.18,0.208119,0.001,0.765
2026-08-14 10:05:19,LINKUSDT,15m,11444.6,10120.51,0.0614,0.001,8.877
2026-08-14 10:05:21,NEARUSDT,15m,302149.4,276189.0,0.044888,0.001,1.6
2026-08-14 10:05:22,LTCUSDT,15m,5862.325,4640.353,0.116349,0.01,44.08
2026-08-14 10:05:24,BCHUSDT,15m,1079.018,1267.259,-0.08023,0.1,203.4
2026-08-14 10:05:25,APTUSDT,15m,539763.21,246045.11,0.373778,0.001,0.542
2026-08-14 10:05:26,TRXUSDT,15m,5222598.6,4460904.0,0.078659,0.0001,0.3325
2026-08-14 10:05:28,SHIBUSDT,15m,65005410174.0,54306718682.0,0.08967,0.0,4.58e-06
2026-08-14 10:05:29,UNIUSDT,15m,47970.59,47276.34,0.007289,0.001,3.223
2026-08-14 10:05:30,ATOMUSDT,15m,50793.27,40292.67,0.115282,0.001,1.522
2026-08-14 10:05:32,SUIUSDT,15m,210629.3,138892.4,0.205243,0.0001,0.6789
2026-08-14 10:05:33,INJUSDT,15m,16441.38,15280.58,0.036593,0.001,4.305
2026-08-14 10:05:35,ICPUSDT,15m,48514.58,35321.49,0.157368,0.001,2.211
2026-08-14 10:05:46,BTCUSDT,15m,5.0567,8.6694,-0.2632,0.01,63150.01
2026-08-14 10:05:47,ETHUSDT,15m,40.4755,157.9031,-0.591937,0.01,1885.29
2026-08-14 10:05:49,SOLUSDT,15m,16487.882,11798.633,0.165777,0.01,75.53
2026-08-14 10:05:50,BNBUSDT,15m,78.384,175.415,-0.382314,0.01,606.64
2026-08-14 10:05:51,XRPUSDT,15m,999946.3,994034.7,0.002965,0.0001,1.0026
2026-08-14 10:05:53,DOGEUSDT,15m,8899364.0,9892927.0,-0.052871,1e-05,0.06991
2026-08-14 10:05:54,ADAUSDT,15m,2183383.6,1248198.9,0.272523,0.0001,0.1802
2026-08-14 10:05:55,AVAXUSDT,15m,19309.51,14246.27,0.15089,0.001,6.451
2026-08-14 10:05:57,DOTUSDT,15m,612394.3,391602.26,0.219913,0.001,0.765
2026-08-14 10:05:58,LINKUSDT,15m,12493.35,10500.46,0.086671,0.001,8.877
2026-08-14 10:06:00,NEARUSDT,15m,294191.9,276646.3,0.030737,0.001,1.599
2026-08-14 10:06:02,LTCUSDT,15m,5987.849,4995.384,0.090362,0.01,44.08
2026-08-14 10:06:03,BCHUSDT,15m,1052.17,1258.774,-0.089402,0.1,203.5
2026-08-14 10:06:05,APTUSDT,15m,522807.82,237869.52,0.374585,0.001,0.542
2026-08-14 10:06:07,TRXUSDT,15m,5219009.7,4487663.3,0.075345,0.0001,0.3324
2026-08-14 10:06:08,SHIBUSDT,15m,67293602104.0,53570037664.0,0.113546,0.0,4.57e-06
2026-08-14 10:06:10,UNIUSDT,15m,50500.35,40655.01,0.108006,0.001,3.224
2026-08-14 10:06:12,ATOMUSDT,15m,50682.74,42307.81,0.090062,0.001,1.523
2026-08-14 10:06:13,SUIUSDT,15m,267794.6,125763.3,0.36089,0.0001,0.6791
2026-08-14 10:06:15,INJUSDT,15m,15637.13,13978.89,0.055991,0.001,4.308
2026-08-14 10:06:17,ICPUSDT,15m,48989.86,35233.78,0.163328,0.001,2.211
2026-08-14 10:06:28,BTCUSDT,15m,1.2195,11.283,-0.804913,0.01,63152.01
2026-08-14 10:06:29,ETHUSDT,15m,27.6203,83.8066,-0.504244,0.01,1885.5
2026-08-14 10:06:31,SOLUSDT,15m,15363.478,11770.979,0.132396,0.01,75.52
2026-08-14 10:06:32,BNBUSDT,15m,149.301,114.295,0.132802,0.01,606.69
2026-08-14 10:06:34,XRPUSDT,15m,987326.4,841982.0,0.079453,0.0001,1.0026
2026-08-14 10:06:35,DOGEUSDT,15m,8988350.0,9820471.0,-0.044241,1e-05,0.06991
2026-08-14 10:06:36,ADAUSDT,15m,2180854.3,1241437.1,0.274499,0.0001,0.1803
2026-08-14 10:06:38,AVAXUSDT,15m,16022.94,16503.63,-0.014778,0.001,6.453
2026-08-14 10:06:39,DOTUSDT,15m,612744.9,362271.88,0.256891,0.001,0.765
2026-08-14 10:06:40,LINKUSDT,15m,12138.5,12870.85,-0.029283,0.001,8.886
2026-08-14 10:06:42,NEARUSDT,15m,299031.6,273249.7,0.045051,0.001,1.599
2026-08-14 10:06:43,LTCUSDT,15m,5759.803,4682.144,0.103205,0.01,44.08
2026-08-14 10:06:45,BCHUSDT,15m,1110.643,1250.9,-0.059392,0.1,203.5
2026-08-14 10:06:46,APTUSDT,15m,510850.26,231013.41,0.377208,0.001,0.541
2026-08-14 10:06:47,TRXUSDT,15m,5207012.1,4755663.6,0.045304,0.0001,0.3323
2026-08-14 10:06:49,SHIBUSDT,15m,68316259276.0,53810860446.0,0.118773,0.0,4.58e-06
2026-08-14 10:06:50,UNIUSDT,15m,45087.61,43342.38,0.019736,0.001,3.224
2026-08-14 10:06:51,ATOMUSDT,15m,51643.85,42078.37,0.102062,0.001,1.521
2026-08-14 10:06:53,SUIUSDT,15m,218039.6,120238.5,0.289114,0.0001,0.6788
2026-08-14 10:06:54,INJUSDT,15m,16398.68,9715.08,0.255942,0.001,4.313
2026-08-14 10:06:55,ICPUSDT,15m,46301.61,36191.39,0.122559,0.001,2.21
2026-08-14 10:07:07,BTCUSDT,15m,5.7015,7.874,-0.160035,0.01,63124.13
2026-08-14 10:07:08,ETHUSDT,15m,130.5967,91.7499,0.174713,0.01,1884.56
2026-08-14 10:07:10,SOLUSDT,15m,17929.397,12421.084,0.18149,0.01,75.5
2026-08-14 10:07:11,BNBUSDT,15m,141.23,222.59,-0.223627,0.01,606.53
2026-08-14 10:07:13,XRPUSDT,15m,1197961.1,747002.7,0.23186,0.0001,1.0018
2026-08-14 10:07:14,DOGEUSDT,15m,7015083.0,7898726.0,-0.05925,1e-05,0.06989
2026-08-14 10:07:15,ADAUSDT,15m,2042699.1,1141900.3,0.282861,0.0001,0.1802
2026-08-14 10:07:17,AVAXUSDT,15m,14473.75,11733.96,0.104541,0.001,6.451
2026-08-14 10:07:18,DOTUSDT,15m,580421.31,325985.23,0.280709,0.001,0.765
2026-08-14 10:07:19,LINKUSDT,15m,10730.18,9455.54,0.063146,0.001,8.882
2026-08-14 10:07:21,NEARUSDT,15m,290781.5,279959.3,0.018962,0.001,1.599
2026-08-14 10:07:22,BTCUSDT,15m,4.0504,8.8879,-0.373896,0.01,63118.01
2026-08-14 10:07:22,LTCUSDT,15m,5591.202,4620.443,0.095064,0.01,44.08
2026-08-14 10:07:23,BCHUSDT,15m,1374.872,1263.72,0.042125,0.1,203.4
2026-08-14 10:07:25,APTUSDT,15m,522902.51,259668.29,0.336371,0.001,0.541
2026-08-14 10:07:26,TRXUSDT,15m,4800018.7,4363996.0,0.04758,0.0001,0.3324
2026-08-14 10:07:28,SHIBUSDT,15m,68116362807.0,54399413021.0,0.111961,0.0,4.57e-06
2026-08-14 10:07:29,UNIUSDT,15m,50344.1,42147.3,0.088622,0.001,3.224
2026-08-14 10:07:31,ATOMUSDT,15m,57688.91,44277.29,0.13153,0.001,1.521
2026-08-14 10:07:32,SUIUSDT,15m,236497.8,124081.3,0.311767,0.0001,0.6783
2026-08-14 10:07:34,INJUSDT,15m,11755.01,10840.78,0.04046,0.001,4.31
2026-08-14 10:07:35,ICPUSDT,15m,47031.78,35654.52,0.137595,0.001,2.212
2026-08-14 10:07:41,BTCUSDT,1m,9.0526,3.146,0.484198,0.01,63118.46
2026-08-14 10:07:46,BTCUSDT,4h,14.5848,2.2527,0.732422,0.01,63120.2
2026-08-14 10:07:47,BTCUSDT,15m,16.7326,1.7045,0.815104,0.01,63122.0
2026-08-14 10:07:48,ETHUSDT,15m,131.2325,72.8517,0.286062,0.01,1884.39
2026-08-14 10:07:50,SOLUSDT,15m,18515.406,12044.436,0.211747,0.01,75.49
2026-08-14 10:07:51,BTCUSDT,1h,13.3371,2.7072,0.662532,0.01,63124.0
2026-08-14 10:07:51,BNBUSDT,15m,213.522,105.403,0.339011,0.01,606.43
2026-08-14 10:07:52,XRPUSDT,15m,1287181.4,615591.0,0.352954,0.0001,1.0016
2026-08-14 10:07:54,DOGEUSDT,15m,9005102.0,9839326.0,-0.044269,1e-05,0.06988
2026-08-14 10:07:55,ADAUSDT,15m,2170867.7,1301857.5,0.250239,0.0001,0.1801
2026-08-14 10:07:57,AVAXUSDT,15m,15850.6,16445.74,-0.018427,0.001,6.452
2026-08-14 10:07:59,DOTUSDT,15m,631047.66,369364.56,0.261575,0.001,0.766
2026-08-14 10:07:59,SOLUSDT,1h,17036.75,12265.686,0.162821,0.01,75.5
2026-08-14 10:08:00,LINKUSDT,15m,12632.81,10747.15,0.080653,0.001,8.886
2026-08-14 10:08:01,NEARUSDT,15m,293927.8,279659.7,0.024875,0.001,1.6
2026-08-14 10:08:03,LTCUSDT,15m,5973.373,4941.781,0.09451,0.01,44.06
2026-08-14 10:08:04,BCHUSDT,15m,1122.339,1243.983,-0.051406,0.1,203.5
2026-08-14 10:08:05,APTUSDT,15m,519593.8,256324.33,0.339301,0.001,0.541
2026-08-14 10:08:07,TRXUSDT,15m,4868170.4,4324701.6,0.059118,0.0001,0.3324
2026-08-14 10:08:08,SOLUSDT,4h,16990.499,12243.992,0.16236,0.01,75.5
2026-08-14 10:08:08,SHIBUSDT,15m,65091229846.0,54505423733.0,0.088513,0.0,4.58e-06
2026-08-14 10:08:10,UNIUSDT,15m,49197.23,39538.42,0.108849,0.001,3.225
2026-08-14 10:08:11,ATOMUSDT,15m,58399.62,44193.03,0.138476,0.001,1.52
2026-08-14 10:08:12,SUIUSDT,15m,197343.3,130767.5,0.202906,0.0001,0.6783
2026-08-14 10:08:14,INJUSDT,15m,11484.18,10527.2,0.043477,0.001,4.316
2026-08-14 10:08:15,SOLUSDT,1h,17275.162,12218.613,0.171445,0.01,75.5
2026-08-14 10:08:15,ICPUSDT,15m,45920.22,36993.37,0.107664,0.001,2.21
2026-08-14 10:08:18,SOLUSDT,15m,17510.86,12040.96,0.185095,0.01,75.49
2026-08-14 10:08:27,BTCUSDT,15m,3.1573,13.2254,-0.614554,0.01,63117.67
2026-08-14 10:08:28,SUIUSDT,15m,192994.5,133903.1,0.180764,0.0001,0.6783
2026-08-14 10:08:28,ETHUSDT,15m,59.3134,103.2625,-0.27033,0.01,1884.16
2026-08-14 10:08:30,SOLUSDT,15m,17514.687,12172.185,0.179962,0.01,75.5
2026-08-14 10:08:31,BNBUSDT,15m,187.023,101.367,0.297014,0.01,606.45
2026-08-14 10:08:32,XRPUSDT,15m,1223218.4,733653.1,0.250178,0.0001,1.0015
2026-08-14 10:08:33,SUIUSDT,1h,181313.8,136302.9,0.141715,0.0001,0.6782
2026-08-14 10:08:34,DOGEUSDT,15m,8849443.0,9630931.0,-0.042287,1e-05,0.06989
2026-08-14 10:08:35,ADAUSDT,15m,2177439.4,1283475.8,0.258303,0.0001,0.18
2026-08-14 10:08:37,AVAXUSDT,15m,21866.17,15806.0,0.160866,0.001,6.455
2026-08-14 10:08:38,DOTUSDT,15m,627863.38,369334.73,0.259255,0.001,0.766
2026-08-14 10:08:40,LINKUSDT,15m,12408.19,9717.32,0.121618,0.001,8.889
2026-08-14 10:08:41,NEARUSDT,15m,285224.3,296666.1,-0.019663,0.001,1.598
2026-08-14 10:08:44,LTCUSDT,15m,5860.666,5333.242,0.047117,0.01,44.02
2026-08-14 10:08:45,BCHUSDT,15m,1127.3,1262.045,-0.056394,0.1,203.5
2026-08-14 10:08:47,APTUSDT,15m,517176.32,256302.51,0.337273,0.001,0.54
2026-08-14 10:08:48,TRXUSDT,15m,4777258.8,4232982.5,0.060406,0.0001,0.3324
2026-08-14 10:08:50,SHIBUSDT,15m,67655423544.0,54217333557.0,0.110263,0.0,4.58e-06
2026-08-14 10:08:51,UNIUSDT,15m,50857.41,40803.01,0.109692,0.001,3.227
2026-08-14 10:08:52,ATOMUSDT,15m,58344.79,44170.73,0.138263,0.001,1.52
2026-08-14 10:08:55,SUIUSDT,15m,168878.1,129745.2,0.131044,0.0001,0.6781
2026-08-14 10:08:56,INJUSDT,15m,13549.67,10813.94,0.112288,0.001,4.309
2026-08-14 10:08:57,ICPUSDT,15m,47487.89,84334.17,-0.279515,0.001,2.207
2026-08-14 10:09:09,BTCUSDT,15m,3.2906,12.4514,-0.581935,0.01,63124.0
2026-08-14 10:09:10,ETHUSDT,15m,39.5259,110.0563,-0.471516,0.01,1884.26
2026-08-14 10:09:12,SOLUSDT,15m,13166.739,13218.029,-0.001944,0.01,75.46
2026-08-14 10:09:13,BNBUSDT,15m,103.156,199.385,-0.318069,0.01,606.49
2026-08-14 10:09:14,XRPUSDT,15m,1572102.2,821797.3,0.313424,0.0001,1.0014
2026-08-14 10:09:16,DOGEUSDT,15m,8812372.0,9634749.0,-0.04458,1e-05,0.06989
2026-08-14 10:09:17,ADAUSDT,15m,2103902.4,1345937.7,0.21971,0.0001,0.18
2026-08-14 10:09:18,AVAXUSDT,15m,21316.91,13497.83,0.224591,0.001,6.456
2026-08-14 10:09:20,DOTUSDT,15m,631001.25,363680.88,0.26875,0.001,0.766
2026-08-14 10:09:22,LINKUSDT,15m,11120.01,12165.44,-0.044896,0.001,8.887
2026-08-14 10:09:23,NEARUSDT,15m,284809.4,293000.6,-0.014176,0.001,1.598
2026-08-14 10:09:24,LTCUSDT,15m,5726.926,5406.45,0.028785,0.01,43.99
2026-08-14 10:09:26,BCHUSDT,15m,1089.969,1257.567,-0.071393,0.1,203.6
2026-08-14 10:09:27,APTUSDT,15m,547162.21,256404.5,0.361834,0.001,0.54
2026-08-14 10:09:29,TRXUSDT,15m,5095882.5,4524181.9,0.059428,0.0001,0.3324
2026-08-14 10:09:31,SHIBUSDT,15m,67955092892.0,54183092478.0,0.112758,0.0,4.58e-06
2026-08-14 10:09:32,UNIUSDT,15m,49836.11,44937.44,0.051688,0.001,3.223
2026-08-14 10:09:34,ATOMUSDT,15m,55732.46,37970.17,0.18956,0.001,1.52
2026-08-14 10:09:35,SUIUSDT,15m,188878.8,121662.0,0.216451,0.0001,0.6781
2026-08-14 10:09:36,INJUSDT,15m,12839.1,10946.63,0.079563,0.001,4.313
2026-08-14 10:09:39,ICPUSDT,15m,43478.56,81535.17,-0.304419,0.001,2.209
2026-08-14 10:09:50,BTCUSDT,15m,14.1884,1.5441,0.803703,0.01,63122.55
2026-08-14 10:09:51,ETHUSDT,15m,85.9268,100.5868,-0.0786,0.01,1884.13
2026-08-14 10:09:54,SOLUSDT,15m,15930.671,13753.505,0.073344,0.01,75.46
2026-08-14 10:09:55,BNBUSDT,15m,246.672,139.133,0.278739,0.01,606.56
2026-08-14 10:09:57,XRPUSDT,15m,1622720.0,907802.3,0.282518,0.0001,1.0016
2026-08-14 10:09:58,DOGEUSDT,15m,9151945.0,9349209.0,-0.010662,1e-05,0.06991
2026-08-14 10:09:59,ADAUSDT,15m,2075503.9,1338699.5,0.215806,0.0001,0.1801
2026-08-14 10:10:01,AVAXUSDT,15m,16825.0,13426.08,0.112357,0.001,6.454
2026-08-14 10:10:02,DOTUSDT,15m,631785.4,369532.7,0.261907,0.001,0.766
2026-08-14 10:10:03,LINKUSDT,15m,12491.02,15636.07,-0.111816,0.001,8.891
2026-08-14 10:10:05,NEARUSDT,15m,282684.3,293817.0,-0.019311,0.001,1.598
2026-08-14 10:10:06,LTCUSDT,15m,5862.999,5545.306,0.027848,0.01,43.99
2026-08-14 10:10:08,BCHUSDT,15m,1021.742,1222.378,-0.089405,0.1,203.6
2026-08-14 10:10:09,APTUSDT,15m,551775.25,258763.44,0.361503,0.001,0.54
2026-08-14 10:10:10,TRXUSDT,15m,5148652.7,4552924.7,0.061405,0.0001,0.3324
2026-08-14 10:10:12,SHIBUSDT,15m,66980411665.0,54200306312.0,0.105463,0.0,4.57e-06
2026-08-14 10:10:14,UNIUSDT,15m,50823.66,42369.93,0.090711,0.001,3.223
2026-08-14 10:10:15,ATOMUSDT,15m,52732.05,40405.6,0.132347,0.001,1.52
2026-08-14 10:10:19,SUIUSDT,15m,175539.2,179683.2,-0.011666,0.0001,0.678
2026-08-14 10:10:20,INJUSDT,15m,13698.42,19933.1,-0.185382,0.001,4.323
2026-08-14 10:10:24,ICPUSDT,15m,40839.36,77741.31,-0.311197,0.001,2.209
2026-08-14 10:10:35,BTCUSDT,15m,5.2961,6.6161,-0.110809,0.01,63139.52
2026-08-14 10:10:36,ETHUSDT,15m,35.6681,180.8191,-0.670483,0.01,1884.53
2026-08-14 10:10:38,SOLUSDT,15m,13643.696,12620.115,0.038973,0.01,75.47
2026-08-14 10:10:39,BNBUSDT,15m,183.264,106.639,0.264313,0.01,606.64
2026-08-14 10:10:40,XRPUSDT,15m,1537642.6,909458.6,0.256705,0.0001,1.0019
2026-08-14 10:10:42,DOGEUSDT,15m,8514175.0,9883776.0,-0.074443,1e-05,0.06989
2026-08-14 10:10:43,ADAUSDT,15m,2118138.7,1314985.7,0.233942,0.0001,0.1801
2026-08-14 10:10:44,AVAXUSDT,15m,15243.37,15085.09,0.005219,0.001,6.453
2026-08-14 10:10:46,DOTUSDT,15m,633314.17,356283.94,0.279942,0.001,0.765
2026-08-14 10:10:47,LINKUSDT,15m,10505.45,14756.29,-0.168272,0.001,8.888
2026-08-14 10:10:49,NEARUSDT,15m,283141.8,294065.2,-0.018925,0.001,1.599
2026-08-14 10:10:52,LTCUSDT,15m,5827.418,4876.24,0.088865,0.01,43.99
2026-08-14 10:10:53,BCHUSDT,15m,1131.657,1126.233,0.002402,0.1,203.7
2026-08-14 10:10:55,APTUSDT,15m,558758.05,244360.66,0.391471,0.001,0.541
2026-08-14 10:10:56,TRXUSDT,15m,5196449.8,4545338.9,0.066837,0.0001,0.3324
2026-08-14 10:10:57,SHIBUSDT,15m,68265337769.0,54085425721.0,0.115896,0.0,4.57e-06
2026-08-14 10:11:00,UNIUSDT,15m,51308.7,38981.51,0.136529,0.001,3.221
2026-08-14 10:11:01,ATOMUSDT,15m,56079.57,40561.36,0.160576,0.001,1.519
2026-08-14 10:11:03,SUIUSDT,15m,171196.0,174974.1,-0.010914,0.0001,0.6776
2026-08-14 10:11:04,INJUSDT,15m,13824.77,8581.28,0.234021,0.001,4.319
2026-08-14 10:11:06,ICPUSDT,15m,46467.71,79133.69,-0.260077,0.001,2.206
2026-08-14 10:11:18,BTCUSDT,15m,4.6445,12.5739,-0.460515,0.01,63134.96
2026-08-14 10:11:19,ETHUSDT,15m,51.0994,129.2504,-0.43333,0.01,1884.1
2026-08-14 10:11:21,SOLUSDT,15m,15323.205,12336.843,0.107967,0.01,75.46
2026-08-14 10:11:22,BNBUSDT,15m,175.339,114.695,0.209093,0.01,606.64
2026-08-14 10:11:25,XRPUSDT,15m,929901.9,921467.3,0.004556,0.0001,1.0022
2026-08-14 10:11:26,DOGEUSDT,15m,8592740.0,9589710.0,-0.054831,1e-05,0.0699
2026-08-14 10:11:28,ADAUSDT,15m,2116844.4,1336214.3,0.226069,0.0001,0.1801
2026-08-14 10:11:29,AVAXUSDT,15m,15962.86,14699.08,0.041217,0.001,6.452
2026-08-14 10:11:30,DOTUSDT,15m,635509.0,359831.64,0.276968,0.001,0.765
2026-08-14 10:11:32,LINKUSDT,15m,11261.78,13544.55,-0.092024,0.001,8.886
2026-08-14 10:11:33,NEARUSDT,15m,288838.4,288934.3,-0.000166,0.001,1.599
2026-08-14 10:11:34,LTCUSDT,15m,5735.492,5172.7,0.051594,0.01,44.0
2026-08-14 10:11:36,BCHUSDT,15m,1094.938,1299.501,-0.085433,0.1,203.7
2026-08-14 10:11:37,APTUSDT,15m,560093.59,256773.34,0.371321,0.001,0.541
2026-08-14 10:11:39,TRXUSDT,15m,5195252.8,4541552.8,0.067137,0.0001,0.3324
2026-08-14 10:11:40,SHIBUSDT,15m,67305750784.0,54119601675.0,0.108595,0.0,4.57e-06
2026-08-14 10:11:41,UNIUSDT,15m,54376.57,41471.97,0.134635,0.001,3.219
2026-08-14 10:11:43,ATOMUSDT,15m,56279.73,40086.9,0.168034,0.001,1.519
2026-08-14 10:11:44,SUIUSDT,15m,166336.1,166983.1,-0.001941,0.0001,0.6775
2026-08-14 10:11:45,INJUSDT,15m,15499.71,8723.48,0.279741,0.001,4.309
2026-08-14 10:11:47,ICPUSDT,15m,46066.85,78353.14,-0.259494,0.001,2.206
2026-08-14 10:11:58,BTCUSDT,15m,15.4818,6.2193,0.42682,0.01,63137.15
2026-08-14 10:12:00,ETHUSDT,15m,50.2392,94.5349,-0.305964,0.01,1884.14
2026-08-14 10:12:01,SOLUSDT,15m,16443.677,12204.899,0.147958,0.01,75.46
2026-08-14 10:12:03,BNBUSDT,15m,144.586,125.77,0.069597,0.01,606.49
2026-08-14 10:12:04,XRPUSDT,15m,895913.8,768248.9,0.076714,0.0001,1.0021
2026-08-14 10:12:05,DOGEUSDT,15m,8601252.0,9609147.0,-0.055347,1e-05,0.06989
2026-08-14 10:12:07,ADAUSDT,15m,2083053.8,1331715.3,0.220026,0.0001,0.1801
2026-08-14 10:12:08,AVAXUSDT,15m,16520.89,15102.57,0.04485,0.001,6.449
2026-08-14 10:12:09,DOTUSDT,15m,570047.81,369711.08,0.213179,0.001,0.765
2026-08-14 10:12:11,LINKUSDT,15m,10651.94,13334.44,-0.111834,0.001,8.884
2026-08-14 10:12:12,NEARUSDT,15m,290281.0,289868.2,0.000712,0.001,1.598
2026-08-14 10:12:14,LTCUSDT,15m,5793.926,5087.797,0.064891,0.01,43.99
2026-08-14 10:12:15,BCHUSDT,15m,1119.566,1278.773,-0.066382,0.1,203.7
2026-08-14 10:12:16,APTUSDT,15m,558452.22,256032.73,0.371302,0.001,0.541
2026-08-14 10:12:18,TRXUSDT,15m,5194237.4,4540919.8,0.067109,0.0001,0.3324
2026-08-14 10:12:19,SHIBUSDT,15m,68413176721.0,54157926254.0,0.116302,0.0,4.57e-06
2026-08-14 10:12:20,UNIUSDT,15m,52399.47,41068.22,0.121232,0.001,3.218
2026-08-14 10:12:22,ATOMUSDT,15m,54655.97,40018.45,0.154609,0.001,1.519
2026-08-14 10:12:23,SUIUSDT,15m,178990.4,143774.1,0.109108,0.0001,0.6777
2026-08-14 10:12:25,INJUSDT,15m,15312.41,8476.38,0.287364,0.001,4.309
2026-08-14 10:12:26,ICPUSDT,15m,45628.4,79517.52,-0.270797,0.001,2.206
2026-08-14 10:12:37,BTCUSDT,15m,3.7182,6.5702,-0.277203,0.01,63128.0
2026-08-14 10:12:39,ETHUSDT,15m,34.3612,190.9347,-0.694968,0.01,1883.42
2026-08-14 10:12:41,SOLUSDT,15m,15259.766,12622.904,0.09457,0.01,75.47
2026-08-14 10:12:43,BNBUSDT,15m,147.624,176.505,-0.089103,0.01,606.43
2026-08-14 10:12:45,XRPUSDT,15m,1545553.1,794189.7,0.321131,0.0001,1.0018
2026-08-14 10:12:46,DOGEUSDT,15m,8885970.0,9637299.0,-0.040561,1e-05,0.06988
2026-08-14 10:12:48,ADAUSDT,15m,2121187.2,1363013.4,0.217603,0.0001,0.18
2026-08-14 10:12:49,AVAXUSDT,15m,14134.53,16608.85,-0.080483,0.001,6.453
2026-08-14 10:12:50,DOTUSDT,15m,637365.38,371532.54,0.263488,0.001,0.764
2026-08-14 10:12:52,LINKUSDT,15m,12089.63,14419.39,-0.087886,0.001,8.885
2026-08-14 10:12:53,NEARUSDT,15m,293298.6,289767.1,0.006057,0.001,1.598
2026-08-14 10:12:55,LTCUSDT,15m,5799.61,5197.999,0.054704,0.01,44.0
2026-08-14 10:12:57,BCHUSDT,15m,1124.591,1276.283,-0.063182,0.1,203.7
2026-08-14 10:12:58,APTUSDT,15m,555754.56,251032.73,0.377698,0.001,0.54
2026-08-14 10:12:59,TRXUSDT,15m,5192604.3,4589693.0,0.061633,0.0001,0.3324
2026-08-14 10:13:01,SHIBUSDT,15m,68526441800.0,53410158436.0,0.123968,0.0,4.57e-06
2026-08-14 10:13:03,UNIUSDT,15m,53941.36,40260.26,0.145232,0.001,3.219
2026-08-14 10:13:04,ATOMUSDT,15m,55124.53,40419.37,0.15391,0.001,1.519
2026-08-14 10:13:05,SUIUSDT,15m,181686.2,215870.0,-0.085985,0.0001,0.6779
2026-08-14 10:13:07,INJUSDT,15m,13075.16,10300.66,0.118691,0.001,4.312
2026-08-14 10:13:08,ICPUSDT,15m,45653.69,78906.88,-0.266964,0.001,2.207
2026-08-14 10:13:20,BTCUSDT,15m,9.3966,5.4592,0.265038,0.01,63139.68
2026-08-14 10:13:22,ETHUSDT,15m,120.5613,19.9818,0.715649,0.01,1884.13
2026-08-14 10:13:23,SOLUSDT,15m,17072.987,13130.548,0.130529,0.01,75.49
2026-08-14 10:13:24,BNBUSDT,15m,179.233,124.964,0.178401,0.01,606.64
2026-08-14 10:13:26,XRPUSDT,15m,1008680.3,833015.9,0.095382,0.0001,1.0022
2026-08-14 10:13:27,DOGEUSDT,15m,9081703.0,9636142.0,-0.029621,1e-05,0.06989
2026-08-14 10:13:29,ADAUSDT,15m,2187996.0,1342633.8,0.239437,0.0001,0.18
2026-08-14 10:13:31,AVAXUSDT,15m,16384.52,17261.61,-0.026068,0.001,6.46
2026-08-14 10:13:33,DOTUSDT,15m,582854.37,367997.23,0.225963,0.001,0.764
2026-08-14 10:13:34,LINKUSDT,15m,12346.26,13755.92,-0.054005,0.001,8.889
2026-08-14 10:13:35,SUIUSDT,1h,224447.7,178685.7,0.113516,0.0001,0.6778
2026-08-14 10:13:36,NEARUSDT,15m,290939.1,288170.9,0.00478,0.001,1.599
2026-08-14 10:13:37,LTCUSDT,15m,5306.443,5193.158,0.010789,0.01,43.98
2026-08-14 10:13:38,BCHUSDT,15m,1087.854,1229.528,-0.061135,0.1,203.7
2026-08-14 10:13:40,APTUSDT,15m,555785.04,249383.47,0.380543,0.001,0.54
2026-08-14 10:13:41,TRXUSDT,15m,5193727.0,4586484.2,0.062089,0.0001,0.3323
2026-08-14 10:13:42,SHIBUSDT,15m,67141895860.0,53531634513.0,0.112786,0.0,4.57e-06
2026-08-14 10:13:44,UNIUSDT,15m,56608.71,37576.36,0.202074,0.001,3.22
2026-08-14 10:13:45,ATOMUSDT,15m,53069.01,40741.14,0.131413,0.001,1.519
2026-08-14 10:13:46,SUIUSDT,15m,233392.4,227709.0,0.012326,0.0001,0.6778
2026-08-14 10:13:48,INJUSDT,15m,15413.57,9230.44,0.250898,0.001,4.315
2026-08-14 10:13:49,ICPUSDT,15m,47102.72,78786.46,-0.25168,0.001,2.206
2026-08-14 10:14:01,BTCUSDT,15m,24.9404,2.4727,0.819596,0.01,63155.12
2026-08-14 10:14:02,ETHUSDT,15m,131.1466,38.0825,0.54993,0.01,1884.93
2026-08-14 10:14:04,SOLUSDT,15m,18692.433,11689.839,0.230483,0.01,75.53
2026-08-14 10:14:05,BNBUSDT,15m,302.298,84.829,0.561751,0.01,606.74
2026-08-14 10:14:07,XRPUSDT,15m,844729.6,815273.5,0.017745,0.0001,1.0027
2026-08-14 10:14:08,DOGEUSDT,15m,9488837.0,9241319.0,0.013215,1e-05,0.06994
2026-08-14 10:14:09,ADAUSDT,15m,2216271.0,1235104.0,0.284283,0.0001,0.1803
2026-08-14 10:14:11,AVAXUSDT,15m,16364.18,12752.31,0.124049,0.001,6.466
2026-08-14 10:14:13,DOTUSDT,15m,634069.47,361589.53,0.273668,0.001,0.765
2026-08-14 10:14:16,LINKUSDT,15m,11610.12,15604.89,-0.146786,0.001,8.895
2026-08-14 10:14:17,NEARUSDT,15m,295645.8,280802.4,0.02575,0.001,1.599
2026-08-14 10:14:19,LTCUSDT,15m,5402.892,5437.94,-0.003233,0.01,43.98
2026-08-14 10:14:20,BCHUSDT,15m,1365.793,1220.39,0.056223,0.1,203.9
2026-08-14 10:14:24,APTUSDT,15m,579391.85,227672.81,0.4358,0.001,0.541
2026-08-14 10:14:25,TRXUSDT,15m,5276117.2,4563912.7,0.072378,0.0001,0.3324
2026-08-14 10:14:26,SHIBUSDT,15m,66851821068.0,53168182626.0,0.114011,0.0,4.58e-06
2026-08-14 10:14:28,UNIUSDT,15m,56572.25,38444.03,0.190791,0.001,3.222
2026-08-14 10:14:29,ATOMUSDT,15m,53230.15,40900.23,0.130988,0.001,1.52
2026-08-14 10:14:31,SUIUSDT,15m,161572.4,221980.7,-0.157497,0.0001,0.678
2026-08-14 10:14:32,INJUSDT,15m,16303.16,9857.95,0.246366,0.001,4.313
2026-08-14 10:14:33,ICPUSDT,15m,42397.76,32526.79,0.131745,0.001,2.215
2026-08-14 10:14:45,BTCUSDT,15m,12.5796,1.5388,0.78201,0.01,63176.42
2026-08-14 10:14:47,ETHUSDT,15m,101.4838,69.5111,0.18698,0.01,1885.23
2026-08-14 10:14:49,SOLUSDT,15m,18690.944,12444.851,0.200608,0.01,75.56
2026-08-14 10:14:50,BNBUSDT,15m,268.341,129.931,0.347526,0.01,606.98
2026-08-14 10:14:52,XRPUSDT,15m,852068.2,869102.6,-0.009897,0.0001,1.0029
2026-08-14 10:14:53,DOGEUSDT,15m,9681637.0,9044348.0,0.034032,1e-05,0.06994
2026-08-14 10:14:54,ADAUSDT,15m,2178637.4,1238969.8,0.274949,0.0001,0.1804
2026-08-14 10:14:56,AVAXUSDT,15m,16534.11,13263.57,0.109758,0.001,6.47
2026-08-14 10:14:58,DOTUSDT,15m,640544.6,347767.33,0.29624,0.001,0.766
2026-08-14 10:15:00,LINKUSDT,15m,11455.44,16355.04,-0.176178,0.001,8.898
2026-08-14 10:15:02,NEARUSDT,15m,312542.8,277407.7,0.059556,0.001,1.601
2026-08-14 10:15:03,LTCUSDT,15m,5150.141,5019.517,0.012844,0.01,44.02
2026-08-14 10:15:05,BCHUSDT,15m,980.392,1070.733,-0.044045,0.1,203.7
2026-08-14 10:15:06,APTUSDT,15m,571234.75,229367.35,0.427013,0.001,0.541
2026-08-14 10:15:17,SHIBUSDT,15m,67734000066.0,48517925416.0,0.165297,0.0,4.58e-06
2026-08-14 10:15:19,UNIUSDT,15m,56794.84,45880.39,0.106301,0.001,3.219
2026-08-14 10:15:20,ATOMUSDT,15m,60791.66,40294.28,0.202772,0.001,1.522
2026-08-14 10:15:22,SUIUSDT,15m,143561.1,244814.4,-0.26071,0.0001,0.6779
2026-08-14 10:15:23,INJUSDT,15m,15646.39,10036.94,0.218408,0.001,4.313
2026-08-14 10:15:25,ICPUSDT,15m,43956.46,31703.42,0.161949,0.001,2.214
2026-08-14 10:15:36,BTCUSDT,15m,4.6672,6.1314,-0.135588,0.01,63180.64
2026-08-14 10:15:37,ETHUSDT,15m,95.4444,57.8777,0.245018,0.01,1885.24
2026-08-14 10:15:39,SOLUSDT,15m,18169.49,14091.726,0.126398,0.01,75.57
2026-08-14 10:15:40,BNBUSDT,15m,265.653,112.86,0.403666,0.01,607.0
2026-08-14 10:15:41,XRPUSDT,15m,1003030.2,842212.6,0.087153,0.0001,1.0032
2026-08-14 10:15:43,DOGEUSDT,15m,9474280.0,9241513.0,0.012437,1e-05,0.06996
2026-08-14 10:15:44,ADAUSDT,15m,2114001.8,1271942.3,0.248693,0.0001,0.1805
2026-08-14 10:15:45,AVAXUSDT,15m,13966.74,13733.2,0.008431,0.001,6.472
2026-08-14 10:15:47,DOTUSDT,15m,620157.01,353569.16,0.273781,0.001,0.766
2026-08-14 10:15:48,LINKUSDT,15m,10311.48,11822.71,-0.068276,0.001,8.898
2026-08-14 10:15:50,NEARUSDT,15m,309316.9,278525.0,0.052381,0.001,1.601
2026-08-14 10:15:51,LTCUSDT,15m,4834.712,5363.165,-0.05182,0.01,43.97
2026-08-14 10:15:52,BCHUSDT,15m,1389.211,1241.192,0.056272,0.1,203.8
2026-08-14 10:15:54,APTUSDT,15m,560075.93,249370.58,0.383849,0.001,0.541
2026-08-14 10:15:55,TRXUSDT,15m,5227506.0,4714502.3,0.0516,0.0001,0.3324
2026-08-14 10:15:56,SHIBUSDT,15m,67471136524.0,48479662199.0,0.163789,0.0,4.57e-06
2026-08-14 10:15:58,UNIUSDT,15m,51566.86,38954.25,0.139333,0.001,3.221
2026-08-14 10:15:59,ATOMUSDT,15m,58947.16,46099.98,0.122299,0.001,1.519
2026-08-14 10:16:00,SUIUSDT,15m,154572.5,321038.0,-0.350004,0.0001,0.6778
2026-08-14 10:16:02,INJUSDT,15m,14258.63,10644.72,0.145117,0.001,4.315
2026-08-14 10:16:03,ICPUSDT,15m,42907.61,32226.25,0.142164,0.001,2.215
2026-08-14 10:16:15,BTCUSDT,15m,5.3149,3.1065,0.262237,0.01,63171.45
2026-08-14 10:16:16,ETHUSDT,15m,99.6526,66.3923,0.200309,0.01,1885.17
2026-08-14 10:16:18,SOLUSDT,15m,17251.865,12442.636,0.161957,0.01,75.56
2026-08-14 10:16:19,BNBUSDT,15m,234.241,93.545,0.429231,0.01,607.03
2026-08-14 10:16:21,XRPUSDT,15m,927330.1,782536.0,0.084682,0.0001,1.0032
2026-08-14 10:16:23,DOGEUSDT,15m,9512227.0,9063883.0,0.024136,1e-05,0.06994
2026-08-14 10:16:24,ADAUSDT,15m,2153804.6,1326816.1,0.237598,0.0001,0.1805
2026-08-14 10:16:26,AVAXUSDT,15m,15332.38,15003.54,0.01084,0.001,6.473
2026-08-14 10:16:27,DOTUSDT,15m,638067.27,353043.13,0.287581,0.001,0.765
2026-08-14 10:16:28,LINKUSDT,15m,10591.35,13349.04,-0.11519,0.001,8.9
2026-08-14 10:16:30,NEARUSDT,15m,304964.4,260075.0,0.079445,0.001,1.603
2026-08-14 10:16:31,LTCUSDT,15m,4932.594,5228.884,-0.029158,0.01,43.96
2026-08-14 10:16:33,BCHUSDT,15m,1436.345,1221.229,0.080945,0.1,203.8
2026-08-14 10:16:35,APTUSDT,15m,560529.16,243656.42,0.394029,0.001,0.541
2026-08-14 10:16:36,TRXUSDT,15m,5342728.1,4663169.4,0.067916,0.0001,0.3324
2026-08-14 10:16:38,SHIBUSDT,15m,65454468131.0,48523786153.0,0.148543,0.0,4.57e-06
2026-08-14 10:16:39,UNIUSDT,15m,53607.49,35439.51,0.204027,0.001,3.222
2026-08-14 10:16:40,ATOMUSDT,15m,55546.16,46311.38,0.090664,0.001,1.52
2026-08-14 10:16:42,SUIUSDT,15m,197153.9,253356.7,-0.124754,0.0001,0.6777
2026-08-14 10:16:43,INJUSDT,15m,13222.09,8507.83,0.216948,0.001,4.314
2026-08-14 10:16:44,ICPUSDT,15m,43010.0,30038.0,0.177582,0.001,2.215
2026-08-14 10:16:57,BTCUSDT,15m,10.9578,0.793,0.865027,0.01,63197.08
2026-08-14 10:16:59,ETHUSDT,15m,50.3111,92.9306,-0.297536,0.01,1885.74
2026-08-14 10:17:00,SOLUSDT,15m,17102.645,14287.86,0.08967,0.01,75.6
2026-08-14 10:17:02,BNBUSDT,15m,142.719,169.428,-0.085565,0.01,607.15
2026-08-14 10:17:03,XRPUSDT,15m,952532.8,745512.6,0.121917,0.0001,1.0034
2026-08-14 10:17:04,DOGEUSDT,15m,9691480.0,9179202.0,0.027147,1e-05,0.06999
2026-08-14 10:17:06,ADAUSDT,15m,2209522.6,1203014.3,0.294944,0.0001,0.1807
2026-08-14 10:17:07,AVAXUSDT,15m,13491.16,19513.67,-0.182474,0.001,6.482
2026-08-14 10:17:08,DOTUSDT,15m,592456.04,347162.82,0.261056,0.001,0.766
2026-08-14 10:17:10,LINKUSDT,15m,9811.55,12102.77,-0.104554,0.001,8.906
2026-08-14 10:17:11,NEARUSDT,15m,309197.1,257864.5,0.090524,0.001,1.604
2026-08-14 10:17:13,LTCUSDT,15m,4862.364,5234.279,-0.036836,0.01,43.97
2026-08-14 10:17:14,BCHUSDT,15m,1449.681,1221.9,0.085261,0.1,204.0
2026-08-14 10:17:15,APTUSDT,15m,577234.53,230615.4,0.429064,0.001,0.541
2026-08-14 10:17:18,TRXUSDT,15m,5390767.1,4607266.1,0.078366,0.0001,0.3324
2026-08-14 10:17:20,SHIBUSDT,15m,66219903623.0,47418882305.0,0.165445,0.0,4.58e-06
2026-08-14 10:17:21,UNIUSDT,15m,53443.87,38205.07,0.166274,0.001,3.221
2026-08-14 10:17:23,ATOMUSDT,15m,54850.64,46209.86,0.085501,0.001,1.519
2026-08-14 10:17:25,SUIUSDT,15m,211113.9,240029.7,-0.064094,0.0001,0.6782
2026-08-14 10:17:27,INJUSDT,15m,14991.45,8798.81,0.260301,0.001,4.314
2026-08-14 10:17:30,ICPUSDT,15m,44119.28,32474.06,0.15204,0.001,2.214
2026-08-14 10:17:42,BTCUSDT,15m,13.2542,1.9608,0.742254,0.01,63199.79
2026-08-14 10:17:43,ETHUSDT,15m,187.3948,49.6886,0.580834,0.01,1885.33
2026-08-14 10:17:44,SOLUSDT,15m,16798.565,14030.602,0.089784,0.01,75.6
2026-08-14 10:17:46,BNBUSDT,15m,222.497,146.427,0.206194,0.01,607.06
2026-08-14 10:17:47,XRPUSDT,15m,976042.5,672265.8,0.184296,0.0001,1.0035
2026-08-14 10:17:49,DOGEUSDT,15m,9729934.0,8871577.0,0.046144,1e-05,0.06997
2026-08-14 10:17:50,ADAUSDT,15m,2163594.2,1242356.8,0.270479,0.0001,0.1808
2026-08-14 10:17:51,AVAXUSDT,15m,15512.55,14715.45,0.02637,0.001,6.478
2026-08-14 10:17:53,DOTUSDT,15m,575468.15,352154.23,0.240738,0.001,0.765
2026-08-14 10:17:55,LINKUSDT,15m,11405.17,12702.54,-0.053816,0.001,8.902
2026-08-14 10:17:56,NEARUSDT,15m,308119.0,276630.6,0.053849,0.001,1.603
2026-08-14 10:17:57,LTCUSDT,15m,5082.627,5258.618,-0.017018,0.01,43.96
2026-08-14 10:17:59,BCHUSDT,15m,1459.052,1211.004,0.0929,0.1,203.9
2026-08-14 10:18:01,APTUSDT,15m,584754.17,211938.75,0.467954,0.001,0.542
2026-08-14 10:18:03,TRXUSDT,15m,5390962.8,4598518.1,0.079328,0.0001,0.3324
2026-08-14 10:18:04,SHIBUSDT,15m,64478338085.0,48845881030.0,0.137945,0.0,4.58e-06
2026-08-14 10:18:04,SUIUSDT,1h,205782.0,269828.6,-0.134662,0.0001,0.6778
2026-08-14 10:18:06,UNIUSDT,15m,52719.61,35360.59,0.197082,0.001,3.226
2026-08-14 10:18:10,ATOMUSDT,15m,50343.83,46209.86,0.042815,0.001,1.519
2026-08-14 10:18:11,SUIUSDT,15m,173126.7,260045.6,-0.200657,0.0001,0.6782
2026-08-14 10:18:12,INJUSDT,15m,13746.75,10331.88,0.141822,0.001,4.315
2026-08-14 10:18:14,ICPUSDT,15m,42678.03,32265.25,0.138942,0.001,2.216
2026-08-14 10:18:26,BTCUSDT,15m,12.0099,2.0411,0.709478,0.01,63200.44
2026-08-14 10:18:27,ETHUSDT,15m,109.1808,81.2721,0.146539,0.01,1885.76
2026-08-14 10:18:29,SOLUSDT,15m,16451.455,14854.042,0.051027,0.01,75.62
2026-08-14 10:18:30,BNBUSDT,15m,231.102,84.777,0.463231,0.01,607.14
2026-08-14 10:18:32,XRPUSDT,15m,971382.6,773520.9,0.113394,0.0001,1.0034
2026-08-14 10:18:33,DOGEUSDT,15m,9820706.0,9024384.0,0.042256,1e-05,0.06999
2026-08-14 10:18:34,ADAUSDT,15m,2107225.6,1249894.2,0.255377,0.0001,0.1808
2026-08-14 10:18:36,AVAXUSDT,15m,16037.38,14980.72,0.034066,0.001,6.479
2026-08-14 10:18:38,DOTUSDT,15m,574357.88,347373.15,0.246259,0.001,0.765
2026-08-14 10:18:39,LINKUSDT,15m,11855.25,12882.33,-0.041519,0.001,8.906
2026-08-14 10:18:41,NEARUSDT,15m,308573.2,280737.5,0.047234,0.001,1.604
2026-08-14 10:18:43,LTCUSDT,15m,5106.283,5176.245,-0.006804,0.01,43.96
2026-08-14 10:18:45,BCHUSDT,15m,1107.226,1271.646,-0.069117,0.1,203.9
2026-08-14 10:18:47,APTUSDT,15m,583668.92,215156.34,0.461318,0.001,0.542
2026-08-14 10:18:48,TRXUSDT,15m,5390766.9,4593298.2,0.079874,0.0001,0.3323
2026-08-14 10:18:50,SHIBUSDT,15m,66555331814.0,49505004435.0,0.146909,0.0,4.58e-06
2026-08-14 10:18:51,UNIUSDT,15m,52988.27,34076.52,0.217215,0.001,3.226
2026-08-14 10:18:53,ATOMUSDT,15m,50489.03,46073.09,0.045732,0.001,1.52
2026-08-14 10:18:55,SUIUSDT,15m,202175.3,282003.2,-0.164873,0.0001,0.6782
2026-08-14 10:18:56,INJUSDT,15m,10834.87,11909.66,-0.047255,0.001,4.31
2026-08-14 10:18:58,ICPUSDT,15m,43739.49,32544.02,0.146761,0.001,2.216
2026-08-14 10:19:09,BTCUSDT,15m,4.4275,5.2373,-0.083787,0.01,63210.31
2026-08-14 10:19:10,ETHUSDT,15m,28.0599,162.9966,-0.706266,0.01,1885.75
2026-08-14 10:19:12,SOLUSDT,15m,16477.89,16249.313,0.006984,0.01,75.62
2026-08-14 10:19:14,BNBUSDT,15m,165.493,100.709,0.243364,0.01,607.14
2026-08-14 10:19:15,XRPUSDT,15m,968405.8,638081.4,0.205619,0.0001,1.0032
2026-08-14 10:19:17,DOGEUSDT,15m,9867968.0,8698531.0,0.062986,1e-05,0.06998
2026-08-14 10:19:18,ADAUSDT,15m,2099328.8,1271002.3,0.24577,0.0001,0.1808
2026-08-14 10:19:20,AVAXUSDT,15m,16897.65,17607.29,-0.020566,0.001,6.481
2026-08-14 10:19:21,DOTUSDT,15m,574839.11,349568.35,0.243692,0.001,0.765
2026-08-14 10:19:22,LINKUSDT,15m,12509.06,12604.78,-0.003811,0.001,8.906
2026-08-14 10:19:24,NEARUSDT,15m,309611.8,281586.5,0.047404,0.001,1.604
2026-08-14 10:19:25,LTCUSDT,15m,4961.607,4992.488,-0.003102,0.01,43.99
2026-08-14 10:19:26,BCHUSDT,15m,1120.459,1297.172,-0.073093,0.1,203.9
2026-08-14 10:19:28,APTUSDT,15m,548726.96,207568.08,0.451092,0.001,0.541
2026-08-14 10:19:29,TRXUSDT,15m,5390080.6,4647542.2,0.073976,0.0001,0.3324
2026-08-14 10:19:32,SHIBUSDT,15m,67616702838.0,48568774651.0,0.163944,0.0,4.58e-06
2026-08-14 10:19:33,UNIUSDT,15m,60134.68,49653.07,0.095472,0.001,3.226
2026-08-14 10:19:34,ATOMUSDT,15m,54827.51,44550.09,0.103418,0.001,1.521
2026-08-14 10:19:36,SUIUSDT,15m,218373.6,305800.3,-0.166789,0.0001,0.6783
2026-08-14 10:19:37,INJUSDT,15m,7230.45,13467.75,-0.301345,0.001,4.317
2026-08-14 10:19:39,ICPUSDT,15m,43249.97,32445.96,0.142729,0.001,2.216
2026-08-14 10:19:50,BTCUSDT,15m,5.0232,3.9412,0.120701,0.01,63209.7
2026-08-14 10:19:51,ETHUSDT,15m,36.9724,146.2804,-0.596487,0.01,1886.09
2026-08-14 10:19:53,SOLUSDT,15m,13678.302,16516.927,-0.094009,0.01,75.64
2026-08-14 10:19:54,BNBUSDT,15m,92.443,114.128,-0.104976,0.01,607.14
2026-08-14 10:19:56,XRPUSDT,15m,819761.5,876763.0,-0.033599,0.0001,1.0029
2026-08-14 10:19:57,DOGEUSDT,15m,9545438.0,9339925.0,0.010882,1e-05,0.06999
2026-08-14 10:20:00,ADAUSDT,15m,2102815.7,1222301.2,0.264807,0.0001,0.1809
2026-08-14 10:20:02,AVAXUSDT,15m,15874.66,15759.15,0.003651,0.001,6.488
2026-08-14 10:20:04,DOTUSDT,15m,557398.14,354032.33,0.223128,0.001,0.765
2026-08-14 10:20:07,LINKUSDT,15m,11411.71,12494.57,-0.045296,0.001,8.905
2026-08-14 10:20:08,NEARUSDT,15m,309698.2,330802.8,-0.03295,0.001,1.606
2026-08-14 10:20:10,LTCUSDT,15m,4827.099,5229.709,-0.040034,0.01,43.98
2026-08-14 10:20:11,BCHUSDT,15m,1335.662,1228.818,0.041663,0.1,204.0
2026-08-14 10:20:14,APTUSDT,15m,528561.02,215433.75,0.420873,0.001,0.542
2026-08-14 10:20:16,TRXUSDT,15m,5385528.0,4698578.8,0.068122,0.0001,0.3323
2026-08-14 10:20:17,SHIBUSDT,15m,63734557012.0,48886887318.0,0.131837,0.0,4.58e-06
2026-08-14 10:20:18,UNIUSDT,15m,57072.82,55015.67,0.018353,0.001,3.224
2026-08-14 10:20:20,ATOMUSDT,15m,57862.89,40464.55,0.176943,0.001,1.522
2026-08-14 10:20:21,SUIUSDT,15m,175399.5,444941.6,-0.434506,0.0001,0.6781
2026-08-14 10:20:23,INJUSDT,15m,8459.51,20593.61,-0.417652,0.001,4.324
2026-08-14 10:20:24,ICPUSDT,15m,46012.4,32686.16,0.169333,0.001,2.217
2026-08-14 10:23:05,SUIUSDT,1h,1144818.2,237878.0,0.655922,0.0001,0.6782
2026-08-14 10:27:13,BTCUSDT,15m,2.8805,5.7327,-0.331148,0.01,63200.54
2026-08-14 10:27:24,ETHUSDT,15m,84.3827,44.7505,0.306909,0.01,1885.68
2026-08-14 10:41:16,BTCUSDT,15m,10.1725,2.4446,0.612499,0.01,63143.18
2026-08-14 10:41:35,SOLUSDT,15m,16501.169,13692.977,0.093005,0.01,75.53
2026-08-14 23:28:35,BTCUSDT,15m,1.9179,56.0313,-0.933808,0.01,63036.91
2026-08-14 23:29:37,BTCUSDT,1m,12.2938,1.7775,0.747361,0.01,63036.49
2026-08-14 23:29:43,BTCUSDT,15m,12.4192,2.0874,0.71221,0.01,63036.91
2026-08-14 23:29:47,ETHUSDT,15m,85.5965,54.9451,0.218095,0.01,1880.42
2026-08-14 23:29:54,ETHUSDT,10m,93.2273,52.8885,0.276074,0.01,1880.42
2026-08-14 23:30:06,ETHUSDT,15m,119.5975,50.4812,0.406378,0.01,1880.42
2026-08-14 23:30:12,SOLUSDT,15m,16527.455,15366.285,0.036407,0.01,75.33
2026-08-14 23:30:20,SOLUSDT,10m,17285.463,15181.297,0.06481,0.01,75.34
2026-08-14 23:32:24,SOLUSDT,1h,18591.939,16002.487,0.074852,0.01,75.35
2026-08-14 23:35:43,BTCUSDT,1h,5.9166,7.599,-0.124478,0.01,63059.36
2026-08-14 23:35:47,BTCUSDT,1m,5.9344,8.4899,-0.177163,0.01,63059.36
2026-08-14 23:35:52,BTCUSDT,15m,5.9342,7.507,-0.117014,0.01,63059.36
2026-08-14 23:40:54,BTCUSDT,15m,4.7913,3.7581,0.12085,0.01,63059.98
2026-08-14 23:46:27,BTCUSDT,15m,8.0603,3.6839,0.372638,0.01,63069.29
2026-08-14 23:46:33,ETHUSDT,15m,99.2134,58.645,0.256992,0.01,1881.76
2026-08-14 23:47:02,ETHUSDT,1h,96.4248,73.9302,0.132045,0.01,1881.75
2026-08-14 23:47:17,ETHUSDT,1m,101.123,76.5596,0.138243,0.01,1881.76
2026-08-14 23:47:47,DOGEUSDT,1m,7790180.0,8051482.0,-0.016495,1e-05,0.07011
2026-08-14 23:48:25,ADAUSDT,1m,2318514.5,1669884.5,0.162629,0.0001,0.1795
2026-08-14 23:48:31,ICPUSDT,1m,39664.55,34553.99,0.068858,0.001,2.281
2026-08-14 23:48:47,INJUSDT,1m,13867.34,11301.41,0.101949,0.001,4.188
2026-08-14 23:48:55,SUIUSDT,1m,128946.4,240669.5,-0.302268,0.0001,0.6853
2026-08-14 23:49:01,SUIUSDT,15m,129516.4,239768.6,-0.298556,0.0001,0.6853
2026-08-14 23:51:20,ETHUSDT,15m,137.3565,96.4312,0.175053,0.01,1881.76
2026-08-14 23:51:25,ETHUSDT,1h,100.229,99.6638,0.002828,0.01,1881.75
2026-08-14 23:51:39,ETHUSDT,15m,107.2092,106.977,0.001084,0.01,1882.61
2026-08-14 23:52:35,SOLUSDT,15m,16116.448,17096.805,-0.029517,0.01,75.45
2026-08-14 23:52:41,SOLUSDT,1h,15204.488,17544.326,-0.071448,0.01,75.45
2026-08-14 23:54:31,SOLUSDT,4h,15303.288,18379.816,-0.091337,0.01,75.47
2026-08-14 23:56:32,SOLUSDT,10m,14186.253,16625.402,-0.079163,0.01,75.49
2026-08-14 23:56:40,SOLUSDT,15m,13703.688,16725.655,-0.099311,0.01,75.45
2026-08-14 23:56:59,SUIUSDT,15m,136210.4,241155.7,-0.278099,0.0001,0.6856
2026-08-14 23:57:06,SUIUSDT,1m,137634.4,244825.2,-0.280267,0.0001,0.6854
2026-08-14 23:57:14,SUIUSDT,10m,120749.7,235096.4,-0.321338,0.0001,0.6854
2026-08-14 23:57:18,SUIUSDT,15m,143187.4,236507.5,-0.245777,0.0001,0.6856
2026-08-15 00:02:18,SUIUSDT,15m,149223.1,153584.0,-0.014402,0.0001,0.6849
2026-08-15 00:17:56,SUIUSDT,15m,148315.0,151275.0,-0.00988,0.0001,0.6833
2026-08-15 00:18:10,ETHUSDT,15m,57.8836,151.5036,-0.447114,0.01,1881.9
2026-08-15 00:18:14,SOLUSDT,15m,18023.328,16959.058,0.030423,0.01,75.37
2026-08-15 00:18:20,SOLUSDT,1h,19155.882,16954.708,0.060956,0.01,75.37
2026-08-15 00:18:26,SOLUSDT,4h,18009.347,16954.709,0.030163,0.01,75.37
2026-08-15 00:18:35,SOLUSDT,10m,17842.792,18479.855,-0.017539,0.01,75.35
2026-08-15 00:18:42,SOLUSDT,1m,18826.469,17979.231,0.023019,0.01,75.36
2026-08-15 00:18:46,SOLUSDT,15m,18918.918,17986.2,0.025273,0.01,75.37
2026-08-15 00:27:12,SOLUSDT,15m,19031.413,16606.565,0.068041,0.01,75.32
2026-08-15 00:27:18,SOLUSDT,1h,16635.698,17413.043,-0.02283,0.01,75.35
2026-08-15 00:27:24,SOLUSDT,4h,17118.777,17336.454,-0.006318,0.01,75.34
2026-08-15 00:27:34,DOGEUSDT,4h,8440046.0,8006014.0,0.026391,1e-05,0.0701
2026-08-15 00:27:41,SUIUSDT,4h,121241.4,157153.0,-0.128995,0.0001,0.683
2026-08-15 00:27:54,SUIUSDT,15m,121816.6,156397.2,-0.124295,0.0001,0.683
2026-08-15 00:28:10,SUIUSDT,10m,136390.4,154677.3,-0.062827,0.0001,0.6829
2026-08-15 00:28:22,SUIUSDT,1m,136879.7,157295.9,-0.069401,0.0001,0.6829
2026-08-15 00:28:33,SUIUSDT,15m,126910.8,161242.3,-0.119143,0.0001,0.683
2026-08-15 00:28:39,SUIUSDT,30m,129840.2,161388.7,-0.108329,0.0001,0.6829
2026-08-15 00:29:51,SUIUSDT,15m,123572.2,161925.9,-0.13434,0.0001,0.683
2026-08-15 00:30:07,SUIUSDT,1m,132240.2,150860.6,-0.065773,0.0001,0.6829
2026-08-15 00:30:13,SUIUSDT,15m,133085.6,143225.1,-0.036696,0.0001,0.683
2026-08-15 00:30:25,SOLUSDT,15m,16000.61,17237.608,-0.037216,0.01,75.31
2026-08-15 00:30:34,SOLUSDT,1h,17328.346,16136.797,0.035606,0.01,75.35
2026-08-15 00:30:40,SOLUSDT,4h,17299.451,16100.828,0.035887,0.01,75.34
2026-08-15 00:30:51,SOLUSDT,15m,16048.686,17743.735,-0.050161,0.01,75.31
2026-08-15 00:31:56,SOLUSDT,30m,16145.918,16644.718,-0.015212,0.01,75.31
2026-08-15 00:32:02,SOLUSDT,1h,16135.701,16732.818,-0.018167,0.01,75.35
2026-08-15 00:32:07,SOLUSDT,15m,15944.666,17630.508,-0.050211,0.01,75.31
2026-08-15 00:37:08,SOLUSDT,15m,19610.814,16975.254,0.072037,0.01,75.28
2026-08-15 00:57:55,BTCUSDT,15m,6.0741,3.0454,0.33211,0.01,63073.88
2026-08-15 00:58:11,SUIUSDT,15m,142301.3,155656.2,-0.044821,0.0001,0.6826
2026-08-15 00:58:30,SUIUSDT,1h,142253.6,152148.7,-0.033611,0.0001,0.6826
2026-08-15 00:58:36,SUIUSDT,4h,141116.2,152295.1,-0.0381,0.0001,0.6826
2026-08-15 00:58:56,SUIUSDT,1m,142710.5,153784.7,-0.03735,0.0001,0.6826
2026-08-15 00:59:01,SUIUSDT,15m,142647.7,153868.0,-0.03784,0.0001,0.6826
2026-08-15 20:08:08,BTCUSDT,15m,3.2229,6.4566,-0.334079,0.01,63125.0
2026-08-15 20:08:30,SOLUSDT,15m,15633.465,14279.272,0.045271,0.01,75.62
2026-08-15 20:13:34,SOLUSDT,15m,14213.729,16341.334,-0.069632,0.01,75.62
2026-08-15 20:18:35,SOLUSDT,15m,16186.27,16505.484,-0.009764,0.01,75.65
2026-08-15 20:24:08,BTCUSDT,15m,6.8935,5.8927,0.078271,0.01,63119.99
